Location,Unknown,A,B,C,D,E,Elev,Jan2.5%,Jan1%,Jul2.5%HD,Jul2.5%HW,Jul2.5%FD,Jul2.5%FW,DDB18,DDB15,15MinRain,OneDayRain,AnnRain,MoistInd,AnnTotPpn,DrivingRainWindPressures,Ss1/50,Sr1/50,Ss1/1000,Sr1/1000,Wind1/10,Wind1/50,Wind1/500,Tws,Vws
100 Mile House,0.283,0.0661,0.084,0.144,0.239,0.283,1040,-30,-32,29,17,34,21,5030,4040,13,61,450,0.4,530,80,2.6,0.3,3.7,0.4,0.3,0.39,0.55,-7,2.8
Abbotsford,1.07,0.381,0.473,0.742,1.01,1.07,70,-8,-10,29,20,35,25,2860,2000,15,140,1690,1.6,1630,170,2,0.3,3.2,0.5,0.36,0.48,0.68,-3,3.7
Agassiz,0.802,0.25,0.313,0.507,0.729,0.802,15,-9,-11,31,21,37,26,2750,1900,10,162,2100,1.8,1750,180,2.4,0.7,3.8,1.1,0.39,0.52,0.77,-4,5.1
Alberni,1.62,0.573,0.74,1.25,1.57,1.62,12,-5,-8,31,19,37,24,3100,2220,12,178,2130,2.2,2140,240,2.6,0.4,4.2,0.6,0.26,0.35,0.5,-2,1
Ashcroft,0.389,0.098,0.123,0.209,0.335,0.389,305,-24,-27,34,20,39,24,3700,2790,13,47,380,0.3,370,110,1.7,0.1,2.5,0.2,0.32,0.42,0.61,-5,1.1
Bamfield,2.27,0.919,1.18,1.92,2.23,2.27,20,-2,-4,23,17,28,21,3080,2060,16,208,3060,3.2,3010,300,1,0.4,1.6,0.7,0.42,0.55,0.77,-2,2
Beatton River,0.248,0.074,0.102,0.13,0.211,0.248,840,-37,-39,26,18,31,22,6300,5230,19,81,430,0.5,540,90,3.3,0.1,4.6,0.1,0.25,0.33,0.47,-12,2.5
Bella Bella,0.585,0.126,0.169,0.312,0.501,0.585,25,-5,-7,23,18,28,22,3180,2150,16,180,2990,3.4,2910,380,2.6,0.8,4.2,1.3,0.44,0.55,0.73,-2,2.5
Bella Coola,0.417,0.0887,0.117,0.22,0.355,0.417,40,-14,-18,27,19,33,24,3560,2660,13,183,2240,2.3,1810,420,4.5,0.8,7,1.2,0.32,0.43,0.61,-3,2.1
Burns Lake,0.214,0.0475,0.0596,0.107,0.179,0.214,755,-31,-34,26,17,32,22,5450,4430,15,69,460,0.6,550,120,3.4,0.2,4.8,0.3,0.32,0.43,0.64,-8,1
Cache Creek,0.381,0.0953,0.12,0.204,0.327,0.381,455,-24,-27,34,20,39,24,3700,2790,13,47,370,0.3,380,110,1.7,0.2,2.5,0.3,0.32,0.43,0.64,-5,1.1
Campbell River,1.14,0.346,0.452,0.789,1.07,1.14,20,-5,-7,26,18,32,23,3000,2130,13,145,1800,1.7,1740,280,2.8,0.4,4.5,0.7,0.45,0.53,0.65,-3,2
Carmi,0.298,0.0693,0.0867,0.153,0.251,0.298,845,-24,-26,31,19,36,23,4750,3770,13,81,490,0.5,660,80,3.6,0.2,5.2,0.3,0.3,0.4,0.58,-4,2.5
Castlegar,0.252,0.0592,0.076,0.124,0.211,0.252,430,-18,-20,32,20,37,24,3580,2680,13,69,820,0.8,780,70,4.2,0.1,6,0.1,0.27,0.36,0.52,-4,2
Chetwynd,0.334,0.0867,0.115,0.174,0.286,0.334,605,-35,-38,27,18,33,22,5500,4480,19,88,520,0.6,740,70,2.4,0.2,3.5,0.3,0.33,0.44,0.65,-9,2.2
Chilliwack,0.887,0.294,0.367,0.583,0.82,0.887,10,-9,-11,30,20,36,25,2780,1920,10,175,1970,1.8,1750,180,2.2,0.3,3.5,0.5,0.39,0.52,0.74,-4,4.5
Comox,1.27,0.408,0.53,0.912,1.21,1.27,15,-7,-9,27,18,33,23,2930,2220,13,133,1360,1.4,1290,290,2.4,0.4,3.8,0.6,0.45,0.53,0.65,-2,2.1
Courtenay,1.29,0.415,0.538,0.926,1.22,1.29,10,-7,-9,28,18,34,23,2930,2220,13,133,1630,1.6,1560,290,2.4,0.4,3.8,0.6,0.45,0.53,0.65,-2,2.1
Cranbrook,0.321,0.0713,0.0933,0.158,0.269,0.321,910,-26,-28,32,18,37,22,4400,3450,15,75,380,0.3,440,120,3,0.2,4.4,0.3,0.26,0.35,0.53,-7,1.6
Crescent Valley,0.252,0.0589,0.076,0.124,0.211,0.252,585,-18,-20,31,20,36,24,3650,2740,13,69,990,1,940,100,4.2,0.1,6,0.1,0.26,0.35,0.51,-4,2.2
Crofton,1.75,0.667,0.813,1.32,1.7,1.75,5,-4,-6,28,19,34,24,2880,2020,10,106,1000,1.2,990,180,1.8,0.2,2.9,0.3,0.35,0.44,0.58,-2,1
Dawson Creek,0.275,0.0767,0.105,0.14,0.233,0.275,665,-38,-40,27,18,32,22,5900,4860,23,95,420,0.5,570,110,2.5,0.2,3.6,0.3,0.33,0.44,0.65,-11,2.2
Dease Lake,0.342,0.0648,0.0895,0.173,0.289,0.342,800,-37,-40,24,15,29,19,6730,5630,13,58,390,0.6,490,60,2.8,0.1,3.9,0.1,0.25,0.33,0.45,-11,1.9
Dog Creek,0.338,0.08,0.101,0.177,0.287,0.338,450,-28,-30,29,17,34,21,4800,3820,12,60,400,0.4,480,140,1.8,0.2,2.7,0.3,0.3,0.39,0.55,-7,2.9
Duncan,1.86,0.713,0.867,1.42,1.81,1.86,10,-6,-8,28,19,33,24,2980,2110,10,126,1100,1.2,1120,200,1.8,0.4,2.9,0.6,0.34,0.43,0.57,-2,1
Elko,0.39,0.09,0.117,0.197,0.33,0.39,1065,-28,-31,30,19,35,23,4600,3630,17,81,590,0.5,710,120,3.6,0.2,5.3,0.3,0.32,0.42,0.62,-8,2
Fernie,0.404,0.104,0.137,0.21,0.345,0.404,1010,-27,-30,30,19,35,23,4750,3770,16,150,1140,0.9,1290,120,4.5,0.2,6.5,0.3,0.32,0.42,0.65,-8,2.2
Fort Nelson,0.284,0.0753,0.103,0.144,0.239,0.284,465,-39,-42,28,18,32,22,6710,5740,19,90,430,0.6,550,90,2.4,0.1,3.3,0.1,0.25,0.33,0.47,-13,1.8
Fort St. John,0.27,0.076,0.104,0.138,0.229,0.27,685,-35,-37,26,18,31,22,5750,4710,19,91,420,0.5,580,110,2.8,0.1,4.1,0.1,0.32,0.43,0.64,-11,3.9
Glacier,0.356,0.094,0.123,0.184,0.303,0.356,1145,-27,-30,27,17,33,22,5800,4760,13,91,900,0.9,1620,100,9.4,0.2,12.3,0.3,0.25,0.34,0.52,-7,1.7
Golden,0.425,0.126,0.164,0.239,0.369,0.425,790,-27,-30,30,17,36,22,4750,3770,13,71,450,0.6,540,130,3.7,0.2,5,0.3,0.27,0.37,0.58,-7,1.4
Gold River,1.73,0.6,0.776,1.31,1.66,1.73,120,-8,-11,31,18,37,23,3230,2350,16,248,3100,3.1,3030,270,2.8,0.6,4.7,1,0.26,0.35,0.5,-2,1.8
Grand Forks,0.272,0.0641,0.0807,0.138,0.229,0.272,565,-19,-22,34,20,39,24,3820,2900,13,61,570,0.6,560,90,2.8,0.1,4,0.1,0.32,0.42,0.62,-4,2
Greenwood,0.283,0.0662,0.0833,0.144,0.238,0.283,745,-20,-23,34,20,39,24,4100,3160,13,81,640,0.6,650,100,3.6,0.1,5.2,0.1,0.32,0.42,0.62,-4,2
Hope,0.672,0.197,0.246,0.405,0.601,0.672,40,-13,-15,31,20,37,25,2820,2130,10,177,2510,2,1980,160,2.8,0.7,4.4,1.1,0.52,0.69,1.03,-4,6
Jordan River,2.31,0.902,1.15,1.9,2.27,2.31,20,-1,-3,22,17,27,22,2900,1900,15,208,2520,2.6,2510,270,1.2,0.4,2,0.7,0.48,0.61,0.79,-2,2
Kamloops,0.304,0.0707,0.0887,0.157,0.257,0.304,355,-23,-25,34,20,38,24,3450,2670,17,53,340,0.2,340,100,1.8,0.2,2.6,0.3,0.33,0.44,0.65,-6,2.9
Kaslo,0.271,0.0615,0.08,0.132,0.226,0.271,545,-17,-20,30,19,35,23,3830,2910,13,70,950,0.9,930,100,2.8,0.1,4,0.1,0.24,0.33,0.51,-5,1.8
Kelowna,0.302,0.07,0.088,0.155,0.255,0.302,350,-17,-20,33,20,38,24,3400,2510,15,54,390,0.3,390,120,1.7,0.1,2.5,0.2,0.32,0.42,0.62,-5,1.6
Kimberley,0.311,0.0707,0.0927,0.153,0.261,0.311,1090,-25,-27,31,18,36,22,4650,3680,15,75,480,0.4,550,130,3,0.2,4.3,0.3,0.26,0.35,0.53,-7,1.6
Kitimat Plant,0.456,0.091,0.123,0.233,0.385,0.456,15,-16,-18,25,16,31,21,3750,2830,17,250,2900,2.7,2680,260,5.5,0.8,8.4,1.2,0.4,0.53,0.75,-5,5
Kitimat Townsite,0.456,0.091,0.123,0.233,0.385,0.456,130,-16,-18,24,16,30,21,3900,2980,17,221,2620,2.4,2460,260,6.5,0.8,9.8,1.2,0.4,0.53,0.75,-5,5
Ladysmith,1.7,0.636,0.773,1.28,1.65,1.7,80,-7,-9,27,19,32,24,2920,2130,10,119,1180,1.3,1220,200,2.4,0.4,3.9,0.7,0.35,0.44,0.58,-2,1.5
Langford,2.07,0.887,1.09,1.74,2.06,2.07,80,-4,-6,27,19,33,23,2750,1770,11,166,1250,1.3,1240,250,1.8,0.3,3,0.5,0.35,0.44,0.58,-2,3.3
Lillooet,0.503,0.147,0.187,0.289,0.442,0.503,245,-21,-23,34,20,39,24,3400,2610,13,89,470,0.3,420,150,2.1,0.1,3.2,0.2,0.36,0.48,0.72,-5,2
Lytton,0.532,0.155,0.196,0.309,0.469,0.532,325,-17,-20,35,20,40,24,3300,2410,13,89,510,0.3,490,110,2.8,0.3,4.3,0.5,0.35,0.47,0.7,-5,1.7
Mackenzie,0.314,0.0773,0.101,0.162,0.268,0.314,765,-34,-38,27,17,33,21,5550,4530,13,64,490,0.5,720,70,5.1,0.2,7.1,0.3,0.28,0.35,0.5,-8,1.6
Masset,1.56,0.491,0.605,1.05,1.44,1.56,10,-5,-7,17,15,21,18,3700,2600,16,98,1510,1.6,1530,430,1.8,0.4,2.9,0.6,0.55,0.67,0.86,-2,1.7
McBride,0.396,0.116,0.151,0.222,0.343,0.396,730,-29,-32,29,18,36,23,4980,3990,17,69,670,0.6,700,70,4.3,0.2,6.2,0.3,0.3,0.39,0.58,-9,2
McLeod Lake,0.295,0.0707,0.092,0.15,0.251,0.295,695,-35,-37,27,17,33,21,5450,4430,13,64,490,0.5,720,70,4.1,0.2,5.7,0.3,0.28,0.35,0.5,-8,2
Merritt,0.423,0.108,0.136,0.23,0.364,0.423,570,-24,-27,34,20,39,24,3900,2980,10,68,370,0.2,370,110,1.8,0.3,2.7,0.4,0.36,0.48,0.72,-6,1.1
Mission City,1.01,0.354,0.439,0.692,0.949,1.01,45,-9,-11,30,20,36,25,2850,1990,16,154,1850,1.7,1730,180,2.4,0.3,3.8,0.5,0.35,0.47,0.67,-3,4
Montrose,0.251,0.059,0.0753,0.124,0.21,0.251,615,-16,-18,32,20,37,24,3600,2690,13,69,690,0.8,780,70,4.1,0.1,5.8,0.1,0.27,0.37,0.55,-4,1.5
Nakusp,0.259,0.0599,0.0773,0.127,0.216,0.259,445,-20,-22,31,20,36,24,3560,2660,13,77,940,1,940,80,4.4,0.1,6.2,0.1,0.26,0.35,0.51,-4,1.2
Nanaimo,1.55,0.571,0.7,1.15,1.5,1.55,15,-6,-8,27,19,33,24,2920,2130,12,113,1110,1.2,1120,220,2.1,0.4,3.5,0.7,0.42,0.53,0.7,-2,3
Nelson,0.255,0.0587,0.076,0.124,0.213,0.255,600,-18,-20,31,20,36,24,3500,2600,13,75,670,0.8,770,70,4.2,0.1,5.9,0.1,0.26,0.35,0.51,-4,2.3
Ocean Falls,0.503,0.106,0.141,0.264,0.428,0.503,10,-10,-12,23,17,28,22,3400,2510,16,327,4830,5.4,4460,380,3.9,0.8,6.2,1.3,0.48,0.65,0.92,-3,2.1
Osoyoos,0.365,0.0867,0.109,0.192,0.311,0.365,285,-14,-17,35,21,40,25,3100,2220,13,61,420,0.3,380,80,1.1,0.1,1.6,0.2,0.32,0.42,0.62,-4,1.8
Parksville,1.46,0.509,0.638,1.08,1.41,1.46,40,-6,-8,26,19,32,24,2990,2320,12,113,1350,1.4,1340,220,2,0.4,3.2,0.7,0.44,0.53,0.66,-2,2
Penticton,0.337,0.078,0.098,0.175,0.285,0.337,350,-15,-17,33,20,38,24,3350,2460,13,61,420,0.3,370,90,1.3,0.1,1.9,0.2,0.32,0.42,0.62,-4,3.4
Port Alberni,1.66,0.594,0.768,1.29,1.61,1.66,15,-5,-8,31,19,37,24,3100,2220,12,199,2120,2.1,2140,260,2.6,0.4,4.2,0.6,0.26,0.35,0.5,-2,1
Port Alice,1.86,0.84,1.06,1.64,1.85,1.86,25,-3,-6,26,17,31,21,3010,2000,16,244,3540,3.6,3500,230,1.1,0.4,1.8,0.7,0.26,0.35,0.5,-2,1.5
Port Hardy,1.29,0.372,0.486,0.853,1.18,1.29,5,-5,-7,20,16,25,20,3440,2370,16,184,1950,2,1930,240,0.9,0.4,1.5,0.7,0.4,0.53,0.75,-2,2.8
Port McNeill,1.31,0.385,0.504,0.878,1.21,1.31,5,-5,-7,22,17,27,21,3410,2350,16,157,1930,2,1950,280,1.1,0.4,1.8,0.7,0.4,0.53,0.75,-2,2.8
Port Renfrew,2.32,0.923,1.18,1.94,2.28,2.32,20,-3,-5,24,17,29,21,2900,1900,16,244,3860,3.9,3860,290,1.1,0.4,1.8,0.7,0.46,0.57,0.75,-2,2.5
Powell River,1.08,0.343,0.43,0.75,1.02,1.08,10,-7,-9,26,18,32,23,3100,2220,13,101,1360,1.5,1270,250,1.7,0.4,2.7,0.6,0.43,0.53,0.68,-2,1.2
Prince George,0.234,0.0497,0.0644,0.114,0.195,0.234,580,-32,-36,28,18,34,22,4720,3750,19,68,600,0.7,710,100,3.4,0.2,4.8,0.3,0.31,0.41,0.63,-8,3
Prince Rupert,0.684,0.149,0.199,0.367,0.587,0.684,20,-13,-15,19,15,24,19,3900,2770,16,201,3160,3.1,3070,260,1.9,0.4,2.9,0.6,0.47,0.59,0.78,-3,2.5
Princeton,0.492,0.135,0.171,0.278,0.43,0.492,655,-24,-29,33,19,39,24,4250,3300,13,54,370,0.4,400,110,2.9,0.6,4.3,0.9,0.3,0.4,0.59,-6,1
Qualicum Beach,1.45,0.496,0.633,1.08,1.39,1.45,10,-7,-9,27,19,33,24,2990,2320,12,119,1350,1.4,1340,220,2,0.4,3.3,0.7,0.45,0.53,0.65,-2,2
Queen Charlotte City,2.52,1.05,1.28,2.03,2.45,2.52,35,-6,-8,21,16,25,20,3520,2440,16,135,1430,1.6,1460,390,1.8,0.4,2.9,0.6,0.55,0.67,0.86,-2,2
Quesnel,0.225,0.0475,0.0605,0.111,0.188,0.225,475,-31,-33,30,17,36,21,4650,3680,13,63,550,0.6,630,100,3,0.1,4.4,0.2,0.26,0.34,0.51,-7,1.8
Revelstoke,0.275,0.0634,0.082,0.135,0.23,0.275,440,-20,-23,31,19,36,23,4000,3070,17,71,910,0.9,1030,100,7.2,0.1,9.9,0.1,0.25,0.34,0.52,-5,1.7
Salmon Arm,0.264,0.0618,0.0787,0.132,0.222,0.264,425,-19,-24,33,21,38,25,3650,2740,17,61,580,0.6,610,100,3.5,0.1,4.9,0.1,0.3,0.41,0.61,-5,1.1
Sandspit,2.2,0.833,1.02,1.68,2.11,2.2,5,-4,-6,18,15,22,19,3450,2380,16,105,1430,1.6,1460,540,1.8,0.4,2.9,0.7,0.65,0.79,1.01,-2,6.3
Sechelt,1.25,0.455,0.559,0.9,1.2,1.25,25,-6,-8,27,20,33,25,2680,1830,13,94,1310,1.5,1250,180,1.8,0.4,3,0.7,0.42,0.53,0.7,-2,1.4
Sidney,1.85,0.74,0.907,1.44,1.81,1.85,10,-4,-6,26,18,32,22,2850,1860,10,118,900,1.1,900,180,1.1,0.2,1.8,0.3,0.37,0.46,0.61,-2,3.3
Smithers,0.236,0.0516,0.0645,0.118,0.197,0.236,500,-29,-31,26,17,32,22,5040,4050,17,77,510,0.6,580,150,3.5,0.2,4.9,0.3,0.33,0.44,0.62,-7,1.7
Smith River,0.859,0.339,0.439,0.598,0.807,0.859,660,-45,-47,26,17,30,21,7100,5980,13,82,400,0.6,590,40,2.8,0.1,3.9,0.1,0.26,0.33,0.46,-14,1.9
Sooke,2.21,0.873,1.07,1.78,2.17,2.21,20,-1,-3,21,16,27,20,2900,1900,11,159,1410,1.5,1390,250,1.3,0.3,2.2,0.5,0.42,0.53,0.7,-2,2
Squamish,0.963,0.334,0.415,0.659,0.903,0.963,5,-9,-11,29,20,35,25,2950,2080,13,182,2610,2.6,2290,190,2.8,0.7,4.3,1.1,0.42,0.55,0.77,-3,3
Stewart,0.427,0.0828,0.113,0.217,0.361,0.427,10,-17,-20,25,16,31,21,4350,3400,17,181,2010,1.7,2090,210,7.9,0.8,11.4,1.2,0.3,0.4,0.56,-7,2
Tahsis,1.97,0.807,1,1.62,1.93,1.97,25,-4,-6,26,18,32,23,3150,2120,16,246,4250,4.3,4110,330,1.1,0.4,1.8,0.7,0.29,0.37,0.52,-2,1
Taylor,0.267,0.0753,0.103,0.137,0.226,0.267,515,-35,-37,26,18,31,22,5720,4690,19,91,420,0.5,540,110,2.3,0.1,3.3,0.2,0.33,0.44,0.65,-11,3.9
Terrace,0.406,0.08,0.107,0.205,0.342,0.406,60,-19,-21,27,17,33,22,4150,3210,17,156,1420,1.2,1250,240,5.4,0.6,8,0.9,0.3,0.4,0.56,-5,5.2
Tofino,2.25,0.903,1.16,1.89,2.2,2.25,10,-2,-4,20,16,25,20,3150,2120,16,237,3490,3.7,3450,320,1.1,0.4,1.8,0.7,0.56,0.75,1.06,-2,1.5
Trail,0.252,0.0594,0.076,0.125,0.21,0.252,440,-14,-17,33,20,38,24,3600,2690,13,69,830,0.9,790,70,4.1,0.1,5.7,0.1,0.27,0.37,0.55,-4,1.5
Ucluelet,2.3,0.936,1.21,1.96,2.26,2.3,5,-2,-4,18,16,23,20,3120,2100,16,221,3370,3.6,3330,300,1,0.4,1.7,0.7,0.56,0.75,1.06,-2,1.5
Burnaby (Simon Fraser Univ.),1.14,0.416,0.513,0.806,1.08,1.14,330,-7,-9,25,17,31,22,3100,2220,13,189,2120,2.4,2020,180,2.9,0.7,4.7,1.1,0.39,0.52,0.74,-3,2.9
Cloverdale,1.18,0.434,0.535,0.839,1.13,1.18,10,-8,-10,29,20,35,25,2700,1850,12,139,1470,1.4,1440,170,2.5,0.2,4,0.3,0.36,0.48,0.68,-3,1.7
Haney,1.06,0.378,0.467,0.736,1,1.06,10,-9,-11,30,20,36,25,2840,1980,13,168,2030,2,2000,180,2.4,0.2,3.9,0.3,0.36,0.48,0.68,-3,1.7
Ladner,1.34,0.504,0.618,0.971,1.29,1.34,3,-6,-8,27,19,33,24,2600,1750,12,99,1080,1.4,1090,170,1.3,0.2,2.1,0.3,0.41,0.51,0.66,-3,1.7
Langley,1.15,0.419,0.517,0.812,1.09,1.15,15,-8,-10,29,20,35,25,2700,1850,12,139,1590,1.5,1540,170,2.4,0.2,3.9,0.3,0.36,0.48,0.68,-3,1.7
New Westminster,1.18,0.433,0.533,0.837,1.12,1.18,10,-8,-10,29,19,35,24,2800,1940,12,167,1680,2,1630,180,2.3,0.2,3.7,0.3,0.36,0.48,0.68,-3,1.7
North Vancouver,1.17,0.429,0.529,0.831,1.11,1.17,135,-7,-9,26,19,32,24,2910,2050,15,188,2250,2.6,2170,180,3,0.3,4.7,0.5,0.37,0.5,0.69,-3,1
Richmond,1.29,0.479,0.589,0.924,1.23,1.29,5,-7,-9,27,19,33,24,2800,1940,12,107,1170,1.5,1140,180,1.5,0.2,2.4,0.3,0.4,0.5,0.65,-3,2.5
Surrey(88 Ave & 156 St.),1.17,0.427,0.525,0.824,1.11,1.17,90,-8,-10,29,20,35,25,2750,1900,12,159,1640,1.6,1620,170,2.4,0.3,3.8,0.5,0.36,0.48,0.68,-3,1.7
Vancouver(City Hall),1.24,0.458,0.563,0.884,1.18,1.24,40,-7,-9,28,20,34,25,2825,1970,12,140,1470,1.7,1450,180,1.8,0.2,2.9,0.3,0.37,0.5,0.69,-3,2.5
Vancouver(Granville St. & 41st Ave),1.26,0.466,0.573,0.899,1.2,1.26,120,-6,-8,28,20,34,25,2925,2060,12,133,1460,1.7,1450,180,1.9,0.3,3,0.5,0.4,0.5,0.65,-3,2.5
West Vancouver,1.2,0.441,0.544,0.855,1.14,1.2,45,-7,-9,28,19,34,24,2950,2080,15,188,1800,2.1,1760,180,2.4,0.2,3.8,0.3,0.4,0.53,0.75,-3,2
Vernon,0.273,0.0639,0.0807,0.138,0.23,0.273,405,-20,-23,33,20,38,24,3600,2690,17,55,510,0.5,480,110,2.2,0.1,3.2,0.1,0.32,0.42,0.62,-5,1.5
Victoria,2.01,0.86,1.06,1.68,2,2.01,10,-4,-6,24,17,30,21,2650,1730,10,112,910,1.1,910,250,1.1,0.2,1.8,0.3,0.51,0.63,0.81,-2,4.7
Victoria (Gonzales Hts),1.99,0.853,1.05,1.66,1.98,1.99,65,-4,-6,24,17,30,21,2700,1690,11,112,680,0.9,690,250,1.5,0.3,2.5,0.5,0.51,0.63,0.81,-2,4.7
Victoria (Mt Tolme),1.96,0.82,1.01,1.6,1.94,1.96,125,-6,-8,24,16,30,20,2700,1730,11,112,860,1.1,860,250,2.1,0.3,3.5,0.5,0.48,0.6,0.78,-2,4
Whistler,0.748,0.239,0.301,0.478,0.684,0.748,665,-17,-20,30,20,36,25,4180,3240,13,112,1330,1.2,1300,200,9.5,0.9,13.9,1.3,0.26,0.35,0.5,-4,1
WhiteRock,1.27,0.471,0.579,0.907,1.21,1.27,30,-5,-7,25,20,31,25,2620,1770,12,99,1160,1.2,1140,170,2,0.2,3.3,0.3,0.36,0.48,0.68,-3,1.7
Williams Lake,0.274,0.064,0.0813,0.14,0.231,0.274,615,-30,-33,29,17,34,21,4400,3450,13,61,520,0.6,540,100,2.4,0.2,3.6,0.3,0.3,0.39,0.58,-7,2.9
Youbou,1.92,0.707,0.9,1.5,1.87,1.92,200,-5,-8,31,19,36,24,3050,2180,12,198,2190,2.2,2220,220,3.5,0.7,5.6,1.1,0.29,0.35,0.45,-2,1
Athabasca,0.151,0.0407,0.0578,0.074,0.13,0.151,515,-35,-38,27,19,32,23,6000,5000,23,109,440,0.6,550,80,1.5,0.1,2.1,0.1,0.28,0.38,0.59,-10,2.4
Banff,0.451,0.135,0.177,0.255,0.394,0.451,1400,-31,-33,27,16,33,20,5500,4520,23,82,370,0.6,550,140,3.3,0.1,4.8,0.1,0.27,0.34,0.47,-8,2.3
Barrhead,0.198,0.0611,0.086,0.108,0.169,0.198,645,-33,-36,27,19,32,23,5740,4750,25,109,450,0.6,550,100,1.7,0.1,2.5,0.2,0.37,0.46,0.67,-11,2
Beaverlodge,0.276,0.0753,0.103,0.14,0.234,0.276,730,-36,-39,28,18,33,22,5700,4710,25,109,410,0.5,560,110,2.4,0.1,3.5,0.2,0.28,0.38,0.56,-10,2.1
Brooks,0.21,0.0631,0.0887,0.111,0.178,0.21,760,-32,-34,32,20,37,24,4880,3940,23,108,320,0.3,400,230,1.2,0.1,1.8,0.2,0.37,0.46,0.67,-10,3.8
Calgary,0.317,0.0873,0.118,0.164,0.268,0.317,1045,-30,-32,28,17,34,21,5000,4050,29,129,390,0.4,480,240,1.1,0.1,1.6,0.2,0.4,0.5,0.74,-9,3.4
Campsie,0.205,0.0643,0.09,0.113,0.175,0.205,660,-33,-36,27,19,32,23,5750,4760,25,109,450,0.6,550,100,1.7,0.1,2.5,0.2,0.35,0.46,0.72,-11,1.8
Camrose,0.182,0.0537,0.076,0.096,0.155,0.182,740,-33,-35,29,19,34,23,5500,4520,25,109,420,0.5,540,160,2,0.1,2.9,0.1,0.33,0.41,0.6,-10,2.9
Canmore,0.45,0.135,0.177,0.255,0.392,0.45,1320,-31,-33,28,17,34,21,5400,4430,23,108,390,0.6,560,140,3.2,0.1,4.6,0.1,0.32,0.39,0.55,-8,2.3
Cardston,0.449,0.125,0.166,0.241,0.387,0.449,1130,-29,-32,30,19,35,23,4700,3770,25,136,410,0.4,630,150,1.5,0.1,2.2,0.2,0.61,0.76,1.04,-9,4.7
Claresholm,0.366,0.105,0.141,0.197,0.312,0.366,1030,-30,-32,30,18,35,22,4680,3750,19,122,370,0.4,510,210,1.3,0.1,1.9,0.2,0.48,0.61,0.89,-9,3.8
ColdLake,0.121,0.0314,0.0445,0.0575,0.104,0.121,540,-35,-38,28,19,33,23,5860,4860,23,104,380,0.5,480,140,1.7,0.1,2.5,0.1,0.3,0.4,0.61,-11,2.8
Coleman,0.455,0.133,0.174,0.251,0.395,0.455,1320,-31,-34,29,18,34,22,5210,4250,19,108,500,0.5,610,140,2.7,0.3,4,0.4,0.53,0.66,0.97,-8,2.7
Coronation,0.159,0.0429,0.0608,0.078,0.136,0.159,790,-32,-34,30,19,36,23,5640,4660,25,117,360,0.5,460,220,1.9,0.1,2.8,0.2,0.32,0.39,0.55,-10,4.3
Cowley,0.46,0.135,0.177,0.254,0.4,0.46,1175,-29,-32,29,18,34,22,4810,3870,19,116,380,0.4,600,150,1.6,0.1,2.3,0.2,0.85,1.06,1.47,-9,4
Drumheller,0.214,0.0654,0.0913,0.115,0.181,0.214,685,-32,-34,30,18,36,22,5050,4100,25,109,360,0.4,430,230,1.2,0.1,1.7,0.1,0.37,0.46,0.67,-10,2
Edmonton,0.189,0.0572,0.0807,0.101,0.161,0.189,645,-30,-33,28,19,34,23,5120,4160,29,123,430,0.5,520,170,1.7,0.1,2.5,0.2,0.38,0.47,0.68,-10,3
Edson,0.286,0.078,0.107,0.144,0.241,0.286,920,-34,-37,27,18,32,22,5750,4760,22,101,550,0.6,660,100,2.1,0.1,3,0.1,0.39,0.48,0.69,-9,2.2
Embarras Portage,0.113,0.0301,0.0424,0.0547,0.0969,0.113,220,-41,-43,28,19,32,23,7100,6040,16,105,310,0.6,450,80,2.2,0.1,3,0.1,0.29,0.39,0.57,-14,2.9
Fairview,0.223,0.0707,0.098,0.123,0.19,0.223,670,-37,-40,27,18,32,22,5840,4850,19,109,420,0.5,530,110,2.4,0.1,3.5,0.2,0.27,0.37,0.55,-11,2.8
Fort MacLeod,0.381,0.108,0.143,0.203,0.326,0.381,945,-30,-32,31,19,36,23,4600,3670,20,122,360,0.4,490,190,1.2,0.1,1.8,0.2,0.57,0.71,0.99,-9,3.8
Fort McMurray,0.118,0.0311,0.044,0.0568,0.102,0.118,255,-38,-40,28,19,33,23,6250,5230,17,111,410,0.5,520,60,1.5,0.1,2.1,0.1,0.29,0.37,0.53,-12,3.2
Fort Saskatchewan,0.173,0.0493,0.0693,0.0887,0.147,0.173,610,-32,-35,28,19,34,23,5420,4450,25,109,410,0.5,480,150,1.6,0.1,2.3,0.1,0.36,0.45,0.66,-10,2
Fort Vermilion,0.135,0.0349,0.0494,0.0642,0.116,0.135,270,-41,-43,28,18,32,22,6700,5660,17,90,310,0.5,440,70,2.1,0.1,3,0.1,0.24,0.32,0.45,-14,3.1
Grande Prairie,0.256,0.072,0.0993,0.13,0.216,0.256,650,-36,-39,27,18,32,22,5790,4800,25,109,400,0.5,540,120,2.2,0.1,3.2,0.2,0.34,0.45,0.7,-11,2.9
Habay,0.163,0.0429,0.0606,0.078,0.14,0.163,335,-41,-43,28,18,32,22,6750,5710,17,90,350,0.5,500,70,2.4,0.1,3.4,0.1,0.24,0.32,0.45,-14,2
Hardisty,0.148,0.0393,0.0559,0.072,0.127,0.148,615,-33,-36,30,19,36,23,5640,4660,26,104,390,0.5,480,150,1.7,0.1,2.5,0.2,0.3,0.38,0.54,-10,4
High River,0.344,0.098,0.131,0.184,0.292,0.344,1040,-31,-32,28,17,33,21,4900,3960,23,122,360,0.4,480,210,1.3,0.1,1.9,0.1,0.55,0.68,0.99,-9,2.8
Hinton,0.444,0.135,0.177,0.253,0.387,0.444,990,-34,-38,27,17,33,21,5500,4520,16,101,460,0.6,580,110,2.6,0.1,3.7,0.1,0.39,0.48,0.69,-9,2
Jasper,0.456,0.135,0.177,0.256,0.398,0.456,1060,-31,-34,28,17,34,22,5300,4330,15,96,390,0.5,450,100,3,0.1,4.3,0.1,0.27,0.34,0.47,-9,1.7
Keg River,0.159,0.0424,0.0601,0.0773,0.137,0.159,420,-40,-42,28,18,32,22,6520,5490,17,89,390,0.5,530,90,2.4,0.1,3.5,0.1,0.24,0.32,0.45,-13,3
Lac La Biche,0.134,0.0354,0.0502,0.0647,0.115,0.134,560,-35,-38,28,19,33,23,6100,5090,19,109,440,0.6,540,80,1.6,0.1,2.3,0.1,0.28,0.38,0.59,-11,2.4
Lacombe,0.224,0.0673,0.094,0.119,0.189,0.224,855,-33,-36,28,19,34,23,5500,4520,29,116,420,0.5,520,190,1.9,0.1,2.8,0.1,0.34,0.42,0.61,-10,2.3
Lethbridge,0.294,0.0747,0.102,0.145,0.246,0.294,910,-30,-32,31,19,36,23,4500,3580,25,122,310,0.3,450,210,1.2,0.1,1.8,0.2,0.56,0.69,0.96,-9,4
Manning,0.177,0.0495,0.07,0.0893,0.151,0.177,465,-39,-41,27,18,32,22,6300,5280,16,96,350,0.5,460,90,2.3,0.1,3.3,0.2,0.24,0.32,0.45,-13,2.8
Medicine Hat,0.178,0.0471,0.0667,0.0853,0.151,0.178,705,-31,-34,32,19,37,23,4540,3610,29,116,300,0.3,370,230,1.1,0.1,1.6,0.2,0.4,0.5,0.71,-9,3.6
Peace River,0.196,0.0593,0.0833,0.105,0.168,0.196,330,-37,-40,27,18,32,22,6050,5040,19,103,380,0.5,460,110,2.2,0.1,3.2,0.2,0.25,0.34,0.5,-11,3.5
Pincher Creek,0.464,0.135,0.177,0.255,0.403,0.464,1130,-29,-32,29,18,34,22,4740,3800,20,130,400,0.4,650,150,1.5,0.1,2.2,0.2,0.81,1.01,1.39,-9,4.6
Ranfurly,0.145,0.0387,0.0549,0.0707,0.124,0.145,670,-34,-37,29,19,34,23,5700,4710,23,118,380,0.5,480,100,1.9,0.1,2.7,0.1,0.3,0.38,0.54,-10,3.6
Red Deer,0.231,0.068,0.0947,0.121,0.196,0.231,855,-32,-35,28,19,34,23,5550,4570,25,122,450,0.5,550,210,1.8,0.1,2.6,0.1,0.34,0.42,0.61,-10,2.8
Rocky Mountain House,0.301,0.084,0.114,0.156,0.254,0.301,985,-32,-34,27,18,33,22,5640,4660,25,115,510,0.6,630,130,1.9,0.1,2.7,0.1,0.3,0.38,0.54,-10,1.9
Slave Lake,0.165,0.0455,0.0644,0.082,0.141,0.165,590,-35,-38,26,19,31,23,5850,4850,19,102,450,0.6,570,80,1.9,0.1,2.8,0.2,0.29,0.39,0.6,-11,3.5
Stettler,0.197,0.0609,0.0853,0.108,0.168,0.197,820,-32,-34,30,19,36,23,5300,4330,25,123,440,0.5,520,210,1.9,0.1,2.7,0.1,0.3,0.38,0.54,-10,4.2
Stony Plain,0.206,0.0645,0.0907,0.114,0.176,0.206,710,-32,-35,28,19,33,23,5300,4330,29,122,490,0.5,620,130,1.7,0.1,2.5,0.2,0.38,0.47,0.68,-10,2.9
Suffield,0.194,0.0547,0.0773,0.0973,0.164,0.194,755,-31,-34,32,20,37,24,4770,3830,25,108,280,0.2,380,230,1.3,0.1,1.9,0.2,0.41,0.51,0.75,-10,4.5
Taber,0.246,0.0667,0.0927,0.12,0.206,0.246,815,-31,-33,31,19,36,23,4580,3650,25,115,320,0.3,430,210,1.2,0.1,1.8,0.2,0.53,0.66,0.93,-9,3.8
Turner Valley,0.407,0.123,0.163,0.231,0.351,0.407,1215,-31,-32,28,17,33,21,5220,4260,25,122,420,0.5,670,190,1.4,0.1,2,0.2,0.55,0.68,0.99,-9,3.2
Valleyview,0.229,0.07,0.098,0.123,0.195,0.229,700,-37,-40,27,18,32,22,5600,4620,23,108,450,0.5,570,80,2.3,0.1,3.4,0.2,0.36,0.44,0.64,-10,3.7
Vegreville,0.15,0.0404,0.0573,0.0733,0.128,0.15,635,-34,-37,29,19,34,23,5780,4790,23,110,380,0.5,460,100,1.9,0.1,2.8,0.1,0.3,0.38,0.54,-11,3.8
Vermilion,0.135,0.0353,0.0501,0.0645,0.116,0.135,580,-35,-38,29,19,35,23,5740,4750,23,111,370,0.5,460,100,1.7,0.1,2.5,0.2,0.3,0.38,0.54,-11,3.2
Wagner,0.167,0.0464,0.0655,0.084,0.143,0.167,585,-35,-38,26,19,31,23,5850,4850,19,102,450,0.6,570,80,1.9,0.1,2.8,0.2,0.29,0.39,0.6,-11,3.5
Wainwright,0.141,0.0367,0.0523,0.0673,0.121,0.141,675,-33,-36,29,19,35,23,5700,4710,26,104,370,0.5,480,130,2,0.1,2.9,0.2,0.3,0.38,0.54,-11,3.7
Wetaskiwin,0.203,0.0635,0.0893,0.112,0.173,0.203,760,-33,-35,29,19,34,23,5500,4520,29,109,480,0.6,570,170,2,0.1,2.9,0.1,0.33,0.41,0.6,-10,3.4
Whitecourt,0.226,0.0693,0.0967,0.122,0.192,0.226,690,-33,-36,27,19,32,23,5650,4670,25,122,530,0.6,640,80,1.9,0.1,2.8,0.1,0.29,0.39,0.6,-9,3.1
Wimborne,0.234,0.068,0.0947,0.121,0.197,0.234,975,-31,-34,29,18,35,22,5310,4340,29,116,390,0.5,520,210,1.6,0.1,2.3,0.1,0.34,0.42,0.61,-9,3.7
Assiniboia,0.253,0.0813,0.115,0.143,0.218,0.253,740,-32,-34,31,21,36,25,5180,4300,32,103,340,0.3,420,260,1.6,0.1,2.4,0.2,0.41,0.51,0.75,-10,4.7
Battrum,0.157,0.0393,0.0567,0.0738,0.135,0.157,700,-32,-34,32,20,37,24,5080,4210,29,103,320,0.4,390,280,1.2,0.1,1.8,0.2,0.45,0.57,0.82,-10,4.5
Biggar,0.136,0.0334,0.0479,0.0638,0.117,0.136,645,-34,-36,30,20,35,24,5720,4820,30,105,320,0.4,390,200,2.1,0.1,3.1,0.2,0.38,0.47,0.68,-11,4
Broadview,0.174,0.0473,0.0673,0.086,0.15,0.174,600,-34,-35,30,21,35,25,5760,4850,32,134,380,0.5,470,170,1.7,0.1,2.5,0.1,0.38,0.48,0.72,-11,3.7
Dafoe,0.146,0.0371,0.0531,0.0687,0.125,0.146,530,-35,-37,29,21,34,25,5860,4950,26,121,350,0.5,430,150,1.7,0.1,2.5,0.1,0.3,0.39,0.58,-11,4
Dundurn,0.143,0.0355,0.0508,0.0671,0.123,0.143,525,-35,-37,30,21,35,25,5600,4700,30,112,330,0.4,430,190,1.5,0.1,2.2,0.2,0.38,0.48,0.72,-11,4.2
Estevan,0.237,0.0753,0.107,0.133,0.204,0.237,565,-32,-34,32,22,37,25,5340,4450,36,120,390,0.4,480,220,1.6,0.1,2.4,0.2,0.43,0.55,0.81,-11,4.7
Hudson Bay,0.121,0.0312,0.0443,0.0572,0.104,0.121,370,-36,-38,29,21,34,25,6280,5350,26,105,400,0.6,500,80,2,0.1,2.8,0.1,0.3,0.39,0.58,-12,2.9
Humboldt,0.136,0.0342,0.0489,0.0641,0.117,0.136,565,-36,-38,28,21,33,25,6000,5080,26,113,380,0.5,420,140,2.1,0.1,3,0.1,0.33,0.41,0.6,-12,4
Island Falls,0.106,0.0298,0.042,0.0541,0.0911,0.106,305,-39,-41,27,20,32,24,7100,6130,24,99,440,0.6,570,80,2.1,0.1,2.9,0.1,0.27,0.37,0.58,-14,1.8
Kamsack,0.135,0.0344,0.0492,0.0636,0.116,0.135,455,-34,-37,29,22,34,26,6040,5120,26,126,420,0.6,500,120,2.1,0.2,3,0.3,0.34,0.42,0.61,-11,4
Kindersley,0.143,0.0353,0.0505,0.067,0.122,0.143,685,-33,-35,31,20,36,24,5550,4650,29,103,310,0.4,370,220,1.4,0.1,2.1,0.2,0.38,0.48,0.72,-11,4.8
Lloydminster,0.128,0.0327,0.0465,0.0605,0.111,0.128,645,-34,-37,28,20,34,24,5880,4970,23,105,370,0.5,490,120,2,0.1,2.9,0.2,0.34,0.42,0.61,-11,4.6
Maple Creek,0.161,0.0405,0.0582,0.0755,0.138,0.161,765,-31,-34,31,20,36,24,4780,3920,32,102,330,0.3,430,240,1.2,0.1,1.8,0.2,0.38,0.47,0.68,-10,3.3
Meadow Lake,0.118,0.0307,0.0435,0.0561,0.101,0.118,480,-38,-40,28,20,33,24,6280,5350,23,104,380,0.5,510,120,1.7,0.1,2.4,0.1,0.32,0.42,0.65,-12,3.6
Melfort,0.125,0.0318,0.0453,0.0589,0.108,0.125,455,-36,-38,28,21,33,25,6050,5130,26,106,370,0.5,460,120,2.1,0.1,3,0.1,0.29,0.38,0.57,-12,3.9
Melville,0.16,0.042,0.0601,0.0773,0.137,0.16,550,-34,-36,29,21,34,25,5880,4970,30,127,400,0.5,460,160,1.7,0.1,2.4,0.1,0.34,0.42,0.61,-11,4.5
Moose Jaw,0.206,0.0589,0.084,0.106,0.177,0.206,545,-32,-34,31,21,36,25,5270,4390,32,111,320,0.3,400,210,1.4,0.1,2.1,0.2,0.43,0.55,0.81,-10,4.7
Nipawin,0.119,0.0308,0.0437,0.0564,0.102,0.119,365,-37,-39,28,21,33,25,6300,5370,26,99,400,0.6,510,100,2,0.1,2.9,0.1,0.32,0.4,0.59,-12,4
North Battleford,0.129,0.032,0.0457,0.0607,0.111,0.129,545,-34,-36,29,20,34,24,5900,4990,26,105,330,0.5,420,130,1.7,0.1,2.5,0.2,0.38,0.48,0.72,-11,4.1
Prince Albert,0.123,0.0312,0.0443,0.0579,0.106,0.123,435,-37,-40,28,21,33,25,6100,5180,26,105,380,0.5,460,140,1.9,0.1,2.7,0.1,0.32,0.4,0.59,-12,3.3
Qu'Appelle,0.193,0.0549,0.078,0.0993,0.167,0.193,645,-34,-36,30,22,35,26,5620,4720,33,127,400,0.5,480,170,1.7,0.1,2.5,0.2,0.35,0.44,0.65,-11,4.8
Regina,0.21,0.0613,0.0873,0.11,0.18,0.21,575,-34,-36,31,21,36,25,5600,4700,37,134,350,0.4,410,210,1.4,0.1,2.1,0.2,0.41,0.51,0.75,-11,5.2
Rosetown,0.143,0.0351,0.0504,0.067,0.123,0.143,595,-34,-36,31,20,36,24,5620,4720,30,104,310,0.4,370,220,1.7,0.1,2.5,0.2,0.41,0.51,0.75,-11,3.9
Saskatoon,0.137,0.0339,0.0485,0.0644,0.118,0.137,500,-35,-37,30,21,35,25,5700,4800,30,112,310,0.4,390,170,1.7,0.1,2.5,0.2,0.38,0.48,0.72,-11,4.4
Scott,0.133,0.0329,0.0471,0.0627,0.115,0.133,645,-34,-36,30,20,35,24,5960,5040,26,105,320,0.4,410,150,1.9,0.1,2.8,0.2,0.38,0.47,0.68,-11,3.5
Strasbourg,0.171,0.0452,0.0647,0.0827,0.146,0.171,545,-34,-36,30,22,35,26,5600,4700,33,120,360,0.4,440,190,1.5,0.1,2.2,0.2,0.35,0.44,0.65,-11,4.5
Swift Current,0.168,0.0432,0.0621,0.0793,0.145,0.168,750,-31,-34,31,20,36,24,5150,4270,32,103,310,0.3,400,260,1.4,0.1,2,0.2,0.45,0.57,0.82,-10,6
Uranium City,0.105,0.0294,0.0414,0.0533,0.0903,0.105,265,-42,-44,26,19,30,22,7500,6510,16,72,370,0.6,410,100,2,0.1,2.7,0.1,0.28,0.38,0.56,-16,2.8
Weyburn,0.285,0.105,0.149,0.181,0.245,0.285,575,-33,-35,31,23,36,27,5400,4510,36,126,380,0.4,450,210,1.8,0.1,2.7,0.2,0.4,0.5,0.74,-11,4.7
Yorkton,0.147,0.0379,0.0543,0.07,0.126,0.147,510,-34,-37,29,21,34,25,6000,5080,30,127,410,0.5,490,140,1.9,0.1,2.7,0.1,0.34,0.42,0.61,-11,4.6
Beausejour,0.109,0.0308,0.0435,0.056,0.0936,0.109,245,-33,-35,29,23,33,26,5680,4780,37,135,510,0.6,590,200,2,0.2,2.9,0.3,0.34,0.43,0.64,-12,3.3
Boissevain,0.133,0.0345,0.0492,0.0633,0.114,0.133,510,-32,-34,30,23,34,26,5500,4610,37,155,460,0.5,570,190,2.2,0.2,3.2,0.3,0.43,0.55,0.81,-11,4.5
Brandon,0.131,0.0338,0.0483,0.0622,0.113,0.131,395,-33,-35,30,22,35,25,5760,4850,37,141,440,0.6,520,200,2.1,0.2,3,0.3,0.41,0.51,0.75,-11,4.7
Churchill,0.106,0.0298,0.0421,0.0542,0.0913,0.106,10,-38,-40,25,18,29,22,8950,7890,17,106,330,0.8,470,280,3,0.2,4.3,0.3,0.45,0.58,0.82,-16,5.9
Dauphin,0.125,0.0321,0.0458,0.059,0.108,0.125,295,-33,-35,30,22,35,26,5900,4990,36,133,480,0.6,550,170,1.9,0.2,2.8,0.3,0.34,0.42,0.61,-11,4
Flin Flon,0.107,0.0298,0.0421,0.0542,0.092,0.107,300,-38,-40,27,20,32,24,6440,5500,23,106,400,0.6,530,80,2.2,0.2,3,0.3,0.29,0.37,0.53,-14,3
Gimli,0.109,0.0305,0.0432,0.0556,0.0937,0.109,220,-34,-36,29,23,33,26,5800,4890,37,141,490,0.7,600,190,1.9,0.2,2.7,0.3,0.34,0.42,0.61,-12,4.1
Island Lake,0.109,0.0303,0.0427,0.0551,0.0939,0.109,240,-36,-38,27,20,31,23,6900,5940,24,114,460,0.7,620,80,2.6,0.2,3.6,0.3,0.3,0.39,0.58,-14,3.3
Lac du Bonnet,0.111,0.0314,0.0444,0.0571,0.0955,0.111,260,-34,-36,29,23,33,26,5730,4830,37,134,530,0.7,630,190,1.9,0.2,2.7,0.3,0.3,0.39,0.58,-12,2.8
Lynn Lake,0.106,0.0298,0.0421,0.0541,0.0912,0.106,350,-40,-42,27,19,31,23,7770,6770,24,113,370,0.6,550,100,2.4,0.2,3.4,0.3,0.3,0.39,0.55,-15,2
Morden,0.111,0.0297,0.042,0.0542,0.0951,0.111,300,-31,-33,30,24,34,27,5400,4510,37,156,500,0.6,580,200,2.2,0.2,3.3,0.3,0.43,0.55,0.81,-10,3.7
Neepawa,0.124,0.0322,0.0459,0.0591,0.107,0.124,365,-32,-34,29,23,34,26,5760,4850,36,141,490,0.6,530,200,2.2,0.2,3.3,0.3,0.37,0.46,0.67,-11,4
Pine Falls,0.111,0.0313,0.0442,0.0569,0.0956,0.111,220,-34,-36,28,23,32,26,5900,4990,33,126,520,0.7,470,190,1.9,0.2,2.7,0.3,0.33,0.41,0.6,-12,4
Portage la Prairie,0.114,0.0303,0.043,0.0554,0.0981,0.114,260,-31,-33,30,23,34,26,5600,4700,37,142,460,0.5,590,200,2.1,0.2,3.1,0.3,0.38,0.48,0.72,-11,4
Rivers,0.134,0.0345,0.0494,0.0636,0.115,0.134,465,-34,-36,29,23,33,26,5840,4930,37,141,440,0.6,520,200,2.1,0.2,3,0.3,0.38,0.48,0.72,-12,4.4
Sandilands,0.106,0.0304,0.0428,0.0551,0.0911,0.106,365,-32,-34,29,23,33,26,5650,4750,36,147,540,0.6,610,190,2.2,0.2,3.2,0.3,0.34,0.42,0.61,-11,4
Selkirk,0.108,0.0305,0.0431,0.0555,0.0929,0.108,225,-33,-35,29,23,33,26,5700,4800,37,142,500,0.6,560,200,1.9,0.2,2.8,0.3,0.34,0.43,0.64,-11,4.5
Split Lake,0.106,0.0298,0.0421,0.0541,0.091,0.106,175,-38,-40,27,19,31,23,7900,6890,24,102,400,0.7,570,120,2.5,0.2,3.5,0.3,0.33,0.41,0.57,-15,3.4
Steinbach,0.106,0.0302,0.0426,0.0549,0.091,0.106,270,-33,-35,29,23,33,26,5700,4800,37,141,520,0.6,560,200,2,0.2,3,0.3,0.34,0.42,0.61,-11,4.1
Swan River,0.124,0.0318,0.0453,0.0585,0.107,0.124,335,-34,-37,29,22,34,26,6100,5180,26,119,440,0.6,560,120,2,0.2,2.8,0.3,0.29,0.37,0.53,-12,3.5
The Pas,0.11,0.03,0.0424,0.0546,0.0948,0.11,270,-36,-38,28,21,33,25,6480,5540,23,105,390,0.6,500,160,2.2,0.2,3.1,0.3,0.3,0.39,0.58,-13,3.4
Thompson,0.106,0.0298,0.0421,0.0542,0.0914,0.106,205,-40,-43,27,19,31,23,7600,6600,24,114,420,0.6,610,100,2.4,0.2,3.3,0.3,0.29,0.38,0.54,-15,2.9
Virden,0.147,0.0382,0.0547,0.07,0.126,0.147,435,-33,-35,30,23,34,26,5620,4720,37,141,410,0.5,520,200,2,0.2,2.8,0.3,0.38,0.48,0.72,-11,4
Winnipeg,0.106,0.0302,0.0425,0.0548,0.0914,0.106,235,-33,-35,30,23,34,26,5670,4770,37,142,490,0.6,560,200,1.9,0.2,2.8,0.3,0.38,0.47,0.68,-11,5.2
Ailsa Craig,0.247,0.062,0.0893,0.118,0.213,0.247,230,-17,-19,30,23,34,26,3840,3050,32,131,920,0.9,1030,200,2.2,0.4,3.2,0.6,0.41,0.53,0.8,-6,4.5
Ajax,0.374,0.127,0.181,0.219,0.322,0.374,95,-20,-22,30,23,34,26,3820,3030,30,118,880,0.9,900,170,1,0.4,1.5,0.6,0.41,0.53,0.8,-6,4
Alexandria,0.671,0.347,0.493,0.561,0.576,0.671,80,-24,-26,30,23,34,26,4600,3740,32,133,950,1,1090,160,2.4,0.4,3.4,0.6,0.34,0.44,0.67,-8,3.8
Alliston,0.306,0.076,0.111,0.147,0.264,0.306,220,-23,-25,29,23,33,26,4200,3380,36,145,800,0.8,960,130,2,0.4,2.9,0.6,0.31,0.4,0.59,-7,3.5
Almonte,0.543,0.209,0.301,0.355,0.467,0.543,120,-26,-28,30,23,34,26,4620,3760,32,125,870,0.9,890,140,2.5,0.4,3.6,0.6,0.35,0.45,0.67,-8,3.8
Armstrong,0.125,0.0358,0.0505,0.0648,0.108,0.125,340,-37,-40,28,21,32,24,6500,5530,30,126,640,0.8,820,110,2.7,0.4,3.8,0.6,0.24,0.33,0.52,-12,2.3
Arnprior,0.556,0.227,0.325,0.381,0.478,0.556,85,-27,-29,30,23,34,26,4680,3820,30,111,750,0.9,870,140,2.5,0.4,3.6,0.6,0.32,0.41,0.61,-8,3.5
Atikokan,0.125,0.0389,0.0547,0.07,0.108,0.125,400,-33,-35,29,22,33,25,5750,4810,32,133,600,0.8,850,110,2.4,0.3,3.4,0.4,0.24,0.33,0.52,-11,1.7
Attawapiskat,0.144,0.042,0.0593,0.076,0.124,0.144,10,-37,-39,28,21,32,24,7100,6120,25,112,580,0.8,750,170,2.8,0.3,3.9,0.4,0.33,0.45,0.68,-13,4
Aurora,0.33,0.0893,0.129,0.163,0.283,0.33,270,-21,-23,30,23,34,26,4210,3390,36,139,810,0.8,880,150,2,0.4,2.9,0.6,0.37,0.48,0.73,-7,3.5
Bancroft,0.411,0.111,0.162,0.207,0.353,0.411,365,-28,-31,29,23,33,26,4740,3870,32,118,840,0.9,980,110,3.1,0.4,4.3,0.6,0.28,0.35,0.52,-8,1.6
Barrie,0.314,0.076,0.111,0.151,0.27,0.314,245,-24,-26,29,23,33,26,4380,3540,36,125,820,0.8,990,130,2.5,0.4,3.6,0.6,0.31,0.4,0.59,-7,3.6
Barriefield,0.429,0.119,0.174,0.219,0.368,0.429,100,-22,-24,28,23,32,26,3990,3190,29,138,890,1,1020,170,2.1,0.4,3,0.6,0.41,0.52,0.76,-7,4.3
Beaverton,0.335,0.0827,0.121,0.162,0.287,0.335,240,-24,-26,30,23,34,26,4300,3470,32,139,830,0.9,1030,130,2.2,0.4,3.2,0.6,0.31,0.4,0.59,-7,4.8
Belleville,0.4,0.115,0.168,0.206,0.344,0.4,90,-22,-24,29,23,33,26,3910,3110,29,124,870,0.9,920,190,1.7,0.4,2.4,0.6,0.37,0.47,0.69,-7,4
Belmont,0.271,0.0733,0.106,0.133,0.233,0.271,260,-17,-19,30,24,34,27,3840,3050,32,123,970,1,1030,200,1.7,0.4,2.5,0.6,0.41,0.52,0.76,-6,3.5
Borden (CFB),0.305,0.0747,0.109,0.146,0.263,0.305,225,-23,-25,29,23,33,26,4300,3470,36,133,800,0.9,960,130,2.2,0.4,3.2,0.6,0.31,0.4,0.59,-6,3.6
Bracebridge,0.344,0.0847,0.125,0.167,0.295,0.344,310,-26,-28,29,23,33,26,4800,3920,32,132,960,1,1120,130,3.1,0.4,4.3,0.6,0.3,0.39,0.58,-8,2
Bradford,0.32,0.082,0.119,0.155,0.275,0.32,240,-23,-25,30,23,34,26,4280,3450,36,139,790,0.8,880,130,2.1,0.4,3,0.6,0.31,0.4,0.59,-7,3.5
Brampton,0.335,0.101,0.145,0.178,0.288,0.335,215,-19,-21,30,23,34,26,4100,3290,36,152,840,0.8,900,150,1.3,0.4,1.9,0.6,0.37,0.48,0.73,-6,5
Brantford,0.313,0.0953,0.135,0.167,0.27,0.313,205,-18,-20,30,23,34,26,3900,3110,29,131,900,0.9,930,170,1.3,0.4,1.9,0.6,0.36,0.46,0.68,-6,4.4
Brighton,0.39,0.117,0.169,0.207,0.336,0.39,95,-21,-23,29,23,33,26,4000,3200,29,121,870,0.9,920,170,1.6,0.4,2.3,0.6,0.41,0.53,0.8,-6,3.8
Brockville,0.513,0.174,0.252,0.303,0.44,0.513,85,-23,-25,29,23,33,26,4060,3250,32,132,900,0.9,1070,180,2.2,0.4,3.1,0.6,0.37,0.48,0.73,-8,3.2
Burk'sFalls,0.37,0.101,0.147,0.186,0.319,0.37,305,-26,-28,29,22,33,25,5020,4120,32,125,950,0.9,1090,120,2.7,0.4,3.7,0.6,0.3,0.39,0.58,-9,2.5
Burlington,0.375,0.151,0.212,0.252,0.323,0.375,80,-17,-19,31,23,35,26,3740,2960,29,131,890,0.9,930,170,1.1,0.4,1.6,0.6,0.4,0.51,0.75,-5,4
Cambridge,0.306,0.088,0.126,0.156,0.264,0.306,295,-18,-20,29,23,33,26,4100,3290,32,144,920,0.9,970,170,1.6,0.4,2.3,0.6,0.31,0.4,0.59,-6,4.4
Campbellford,0.382,0.102,0.149,0.191,0.33,0.382,150,-23,-26,30,23,34,26,4280,3450,32,125,840,0.9,930,170,1.7,0.4,2.4,0.6,0.35,0.45,0.67,-7,2.2
Cannington,0.339,0.0853,0.125,0.165,0.291,0.339,255,-24,-26,30,23,34,26,4310,3480,32,139,860,0.9,1030,130,2.2,0.4,3.2,0.6,0.31,0.4,0.59,-7,3.5
Carleton Place,0.532,0.193,0.279,0.333,0.457,0.532,135,-25,-27,30,23,34,26,4600,3740,32,124,870,0.9,950,160,2.5,0.4,3.6,0.6,0.35,0.45,0.67,-8,2.8
Cavan,0.359,0.096,0.139,0.178,0.309,0.359,200,-23,-25,30,23,34,26,4400,3560,32,125,850,0.9,920,150,2,0.4,2.9,0.6,0.37,0.48,0.73,-7,3.3
Centralia,0.247,0.0607,0.088,0.118,0.213,0.247,260,-17,-19,30,23,34,26,3800,3010,32,131,940,1,1080,200,2.3,0.4,3.3,0.6,0.41,0.53,0.8,-6,4.5
Chapleau,0.184,0.0436,0.0627,0.087,0.159,0.184,425,-35,-38,27,21,31,24,5900,4950,26,126,640,0.7,950,80,3.6,0.4,5.1,0.6,0.25,0.33,0.5,-10,3.5
Chatham,0.248,0.07,0.1,0.125,0.214,0.248,180,-16,-18,31,24,34,27,3470,2710,35,130,910,0.9,930,190,1,0.4,1.5,0.6,0.37,0.47,0.69,-5,5
Chesley,0.256,0.0602,0.0847,0.12,0.22,0.256,275,-19,-21,29,22,33,25,4320,3490,36,132,940,0.9,1210,150,2.8,0.4,4,0.6,0.39,0.5,0.74,-6,4
Clinton,0.24,0.0569,0.082,0.114,0.207,0.24,280,-17,-19,29,23,33,26,4150,3330,32,132,930,0.9,1080,170,2.6,0.4,3.8,0.6,0.4,0.51,0.75,-6,5
Coboconk,0.351,0.0873,0.128,0.171,0.302,0.351,270,-25,-27,30,23,34,26,4500,3650,32,139,850,0.9,1030,130,2.5,0.4,3.5,0.6,0.3,0.39,0.58,-7,2
Cobourg,0.379,0.115,0.167,0.203,0.327,0.379,90,-21,-23,29,23,33,26,3980,3180,30,121,870,0.9,900,170,1.2,0.4,1.7,0.6,0.42,0.54,0.81,-6,3.6
Cochrane,0.313,0.124,0.173,0.207,0.27,0.313,245,-34,-36,29,21,33,24,6200,5240,26,121,700,0.8,980,80,2.8,0.3,3.9,0.4,0.3,0.39,0.55,-12,3.8
Colborne,0.387,0.117,0.169,0.207,0.333,0.387,105,-21,-23,29,23,33,26,3980,3180,30,121,870,0.9,930,170,1.6,0.4,2.3,0.6,0.42,0.54,0.81,-6,3.6
Collingwood,0.292,0.0695,0.1,0.139,0.251,0.292,190,-21,-23,29,23,33,26,4180,3360,36,124,840,0.9,1030,170,2.7,0.4,3.9,0.6,0.33,0.43,0.65,-6,3.7
Cornwall,0.665,0.345,0.49,0.557,0.571,0.665,35,-23,-25,30,23,34,26,4250,3420,32,132,930,1,1080,180,2.2,0.4,3,0.6,0.35,0.45,0.67,-8,3.1
Corunna,0.224,0.056,0.0807,0.106,0.192,0.224,185,-16,-18,31,24,34,27,3600,2830,32,126,870,0.9,880,190,1,0.4,1.5,0.6,0.41,0.52,0.76,-5,4.7
Deep River,0.545,0.232,0.331,0.387,0.469,0.545,145,-29,-32,30,22,34,25,4900,3980,30,118,780,0.8,950,110,2.5,0.4,3.5,0.6,0.3,0.39,0.58,-9,3.2
Deseronto,0.409,0.114,0.167,0.208,0.351,0.409,85,-22,-24,29,23,33,26,4070,3260,29,118,870,0.9,980,170,1.9,0.4,2.8,0.6,0.37,0.47,0.69,-7,4
Dorchester,0.27,0.072,0.103,0.131,0.232,0.27,260,-18,-20,30,24,34,27,3900,3110,36,131,970,1,1030,200,1.9,0.4,2.7,0.6,0.41,0.52,0.76,-6,4.4
Dorion,0.117,0.0326,0.0461,0.0593,0.1,0.117,200,-33,-35,28,21,32,24,5950,5000,26,133,670,0.8,810,170,2.8,0.4,4,0.6,0.32,0.43,0.67,-10,3.3
Dresden,0.242,0.0656,0.094,0.119,0.209,0.242,185,-16,-18,31,24,34,27,3750,2970,35,122,870,0.8,900,190,1,0.4,1.5,0.6,0.37,0.47,0.69,-6,4.2
Dryden,0.134,0.0413,0.0581,0.074,0.115,0.134,370,-34,-36,28,22,32,25,5850,4940,32,126,660,0.7,780,130,2.4,0.3,3.4,0.4,0.24,0.33,0.52,-11,3.9
Dundalk,0.284,0.0677,0.0987,0.136,0.244,0.284,525,-22,-24,29,22,33,25,4700,3830,36,139,870,0.9,1170,160,3.2,0.4,4.6,0.6,0.36,0.46,0.68,-7,3.8
Dunnville,0.36,0.133,0.188,0.225,0.309,0.36,175,-15,-17,30,24,34,27,3660,2890,29,137,960,1,1040,170,2,0.4,3,0.6,0.4,0.51,0.75,-5,3.8
Durham,0.267,0.063,0.09,0.126,0.229,0.267,340,-20,-22,29,22,33,25,4340,3510,36,132,950,0.9,1110,150,2.8,0.4,4,0.6,0.37,0.48,0.73,-7,3.8
Dutton,0.262,0.0727,0.104,0.131,0.225,0.262,225,-16,-18,31,24,35,27,3700,2920,35,116,970,1,1010,190,1.3,0.4,1.9,0.6,0.41,0.52,0.76,-6,4
Earlton,0.369,0.118,0.169,0.206,0.317,0.369,245,-33,-36,29,22,33,25,5730,4790,30,120,670,0.8,910,130,3.1,0.4,4.3,0.6,0.39,0.5,0.74,-11,4.2
Edison,0.13,0.0399,0.0562,0.072,0.112,0.13,365,-34,-36,28,22,32,25,5740,4840,32,140,610,0.7,760,130,2.4,0.3,3.4,0.4,0.25,0.34,0.53,-11,3.9
Elliot Lake,0.21,0.0494,0.0687,0.0988,0.181,0.21,380,-26,-28,29,21,33,24,4950,4030,30,139,740,0.8,1030,170,2.9,0.4,4.1,0.6,0.33,0.42,0.62,-8,4
Elmvale,0.307,0.0735,0.107,0.147,0.265,0.307,220,-24,-26,29,23,33,26,4200,3380,36,125,840,0.9,1030,150,2.6,0.4,3.7,0.6,0.31,0.4,0.59,-6,3.7
Embro,0.274,0.072,0.104,0.133,0.235,0.274,310,-19,-21,30,23,34,26,3950,3150,36,144,950,0.9,1030,180,2,0.4,2.9,0.6,0.41,0.53,0.8,-6,4.4
Englehart,0.36,0.114,0.163,0.199,0.31,0.36,205,-33,-36,29,22,33,25,5800,4860,30,120,720,0.8,980,110,2.8,0.4,3.9,0.6,0.35,0.45,0.67,-11,4.2
Espanola,0.248,0.0588,0.084,0.118,0.214,0.248,220,-25,-27,29,21,33,24,4920,4000,30,139,760,0.8,910,170,2.3,0.4,3.3,0.6,0.36,0.46,0.68,-8,4
Exeter,0.246,0.0597,0.0867,0.117,0.212,0.246,265,-17,-19,30,23,34,26,3900,3110,32,144,930,0.9,1050,200,2.4,0.4,3.4,0.6,0.41,0.53,0.8,-6,5
Fenelon Falls,0.35,0.0873,0.128,0.171,0.301,0.35,260,-25,-27,30,23,34,26,4440,3600,32,139,840,0.9,1030,130,2.3,0.4,3.3,0.6,0.31,0.4,0.59,-7,2
Fergus,0.291,0.0753,0.108,0.141,0.251,0.291,400,-20,-22,29,23,33,26,4300,3470,36,138,880,0.9,1010,170,2.2,0.4,3.2,0.6,0.31,0.4,0.59,-6,4.3
Forest,0.232,0.0571,0.0827,0.11,0.2,0.232,215,-16,-18,31,23,35,26,3740,2960,32,131,930,1.1,960,170,2,0.4,2.9,0.6,0.41,0.53,0.8,-6,4.7
Fort Erie,0.402,0.172,0.241,0.285,0.345,0.402,180,-15,-17,30,24,34,27,3650,2880,29,137,1000,1,1120,170,2.3,0.4,3.4,0.6,0.4,0.51,0.75,-5,5
Fort Erie (Ridgeway),0.397,0.169,0.237,0.28,0.341,0.397,190,-15,-17,30,24,34,27,3600,2830,32,137,1000,1,1100,170,2.3,0.4,3.4,0.6,0.4,0.51,0.75,-5,5
Fort Frances,0.118,0.0365,0.0513,0.0655,0.102,0.118,340,-33,-35,29,22,33,25,5440,4550,32,139,680,0.7,810,130,2.3,0.3,3.3,0.4,0.25,0.34,0.53,-11,3.2
Gananoque,0.45,0.13,0.19,0.234,0.388,0.45,80,-22,-24,28,23,32,26,4010,3210,29,132,870,0.9,980,180,2.1,0.4,3,0.6,0.41,0.52,0.76,-7,3.8
Geraldton,0.121,0.0321,0.0457,0.0588,0.104,0.121,345,-36,-39,28,21,32,24,6450,5490,26,112,670,0.8,810,110,2.9,0.4,4,0.6,0.24,0.33,0.52,-11,2.5
Glencoe,0.252,0.068,0.0973,0.123,0.217,0.252,215,-16,-18,31,24,35,27,3680,2900,35,130,910,0.9,1010,190,1.5,0.4,2.2,0.6,0.37,0.47,0.69,-6,4.2
Goderich,0.233,0.0549,0.0773,0.11,0.2,0.233,185,-16,-18,29,23,33,26,4000,3200,32,117,930,1,1030,200,2.4,0.4,3.5,0.6,0.41,0.53,0.8,-6,5.3
Gore Bay,0.215,0.0503,0.0693,0.101,0.184,0.215,205,-24,-26,28,22,32,25,4700,3830,30,118,750,0.8,930,170,2.6,0.4,3.7,0.6,0.37,0.48,0.73,-8,4.3
Graham,0.13,0.0402,0.0565,0.072,0.112,0.13,495,-35,-37,29,22,33,25,5940,4990,30,126,680,0.8,830,150,2.6,0.3,3.7,0.4,0.24,0.33,0.52,-11,2.5
Gravenhurst (Muskoka Airport),0.337,0.082,0.121,0.162,0.289,0.337,255,-26,-28,29,23,33,26,4760,3890,32,132,910,0.9,1120,130,2.7,0.4,3.8,0.6,0.31,0.4,0.59,-8,2
Grimsby,0.394,0.167,0.234,0.277,0.339,0.394,85,-16,-18,30,23,34,26,3520,2760,29,138,880,0.9,960,170,0.9,0.4,1.3,0.6,0.4,0.51,0.75,-5,4.5
Guelph,0.304,0.0847,0.121,0.151,0.262,0.304,340,-19,-21,29,23,33,26,4270,3440,36,132,890,0.9,950,150,1.9,0.4,2.7,0.6,0.31,0.4,0.59,-6,4.5
Guthrie,0.319,0.0773,0.113,0.153,0.274,0.319,280,-24,-26,29,23,33,26,4300,3470,36,133,810,0.8,1030,130,2.5,0.4,3.6,0.6,0.31,0.4,0.59,-7,3.5
Haileybury,0.4,0.136,0.195,0.235,0.344,0.4,210,-32,-35,30,22,34,25,5600,4660,30,120,710,0.8,910,130,2.4,0.4,3.3,0.6,0.37,0.48,0.73,-11,3.9
Haldimand (Caledonia),0.348,0.124,0.175,0.211,0.299,0.348,190,-18,-20,30,23,34,26,3750,2970,29,138,930,0.9,960,170,1.2,0.4,1.8,0.6,0.37,0.48,0.73,-6,4.5
Haldimand (Hagersville),0.324,0.102,0.145,0.178,0.279,0.324,215,-17,-19,30,23,34,26,3760,2980,32,123,970,1,950,170,1.3,0.4,1.9,0.6,0.4,0.51,0.75,-6,4.5
Haliburton,0.379,0.098,0.144,0.188,0.327,0.379,335,-27,-29,29,23,33,26,4840,3960,32,118,910,0.9,1060,110,2.9,0.4,4,0.6,0.3,0.39,0.58,-8,2
HaltonHills (Georgetown),0.325,0.0953,0.136,0.168,0.279,0.325,255,-19,-21,30,23,34,26,4200,3380,36,152,870,0.8,930,150,1.4,0.4,2,0.6,0.32,0.41,0.61,-6,4.8
Hamilton,0.37,0.148,0.207,0.247,0.319,0.37,90,-17,-19,31,23,35,26,3460,2700,29,138,930,0.9,960,170,1.1,0.4,1.6,0.6,0.4,0.51,0.75,-6,3.5
Hanover,0.258,0.0608,0.086,0.122,0.222,0.258,270,-19,-21,29,22,33,25,4300,3470,36,132,920,0.9,1130,150,2.6,0.4,3.8,0.6,0.37,0.48,0.73,-7,3.8
Hastings,0.377,0.1,0.146,0.187,0.325,0.377,200,-24,-26,30,23,34,26,4280,3450,32,118,840,0.9,910,150,2,0.4,2.8,0.6,0.35,0.45,0.67,-7,3
Hawkesbury,0.64,0.301,0.431,0.495,0.55,0.64,50,-25,-27,30,23,34,26,4610,3750,30,133,950,1,1030,160,2.3,0.4,3.2,0.6,0.35,0.45,0.67,-8,3.8
Hearst,0.169,0.0431,0.0615,0.0799,0.145,0.169,245,-35,-37,29,21,33,24,6450,5490,26,113,640,0.7,930,80,2.8,0.3,3.9,0.4,0.25,0.33,0.47,-12,3.5
Honey Harbour,0.315,0.0755,0.11,0.151,0.271,0.315,180,-24,-26,29,23,33,26,4300,3470,32,124,820,0.9,1120,170,2.7,0.4,3.8,0.6,0.33,0.43,0.65,-7,4
Hornepayne,0.148,0.0367,0.0523,0.0701,0.128,0.148,360,-37,-40,28,21,32,24,6340,5380,26,121,510,0.7,840,80,3.3,0.4,4.5,0.6,0.24,0.33,0.52,-11,3
Huntsville,0.362,0.094,0.137,0.179,0.311,0.362,335,-26,-29,29,22,33,25,4850,3970,32,132,930,0.9,1080,120,2.9,0.4,4,0.6,0.3,0.39,0.58,-8,2
Ingersoll,0.276,0.074,0.107,0.135,0.238,0.276,280,-18,-20,30,23,34,26,3920,3120,36,138,960,1,1030,200,1.7,0.4,2.4,0.6,0.41,0.53,0.8,-6,4.4
Iroquois Falls,0.313,0.113,0.159,0.192,0.27,0.313,275,-33,-36,29,21,33,24,6100,5150,26,113,700,0.8,920,100,2.9,0.3,4,0.4,0.32,0.41,0.58,-11,3.5
Jellicoe,0.12,0.0323,0.0458,0.0589,0.103,0.12,330,-36,-39,28,21,32,24,6400,5440,26,112,670,0.8,840,110,2.7,0.4,3.8,0.6,0.24,0.33,0.52,-11,2.3
Kapuskasing,0.219,0.0637,0.09,0.113,0.189,0.219,245,-34,-36,29,21,33,24,6250,5290,26,113,670,0.8,930,100,3,0.3,4.2,0.4,0.26,0.34,0.49,-12,3.9
Kemptville,0.582,0.248,0.356,0.415,0.501,0.582,90,-25,-27,30,23,34,26,4540,3690,32,118,880,1,1030,160,2.3,0.4,3.3,0.6,0.35,0.45,0.67,-8,2.3
Kenora,0.121,0.036,0.0507,0.0649,0.104,0.121,370,-33,-35,28,22,32,25,5630,4730,32,146,610,0.6,700,120,2.5,0.3,3.6,0.4,0.25,0.34,0.53,-11,2.9
Killaloe,0.491,0.172,0.249,0.297,0.423,0.491,185,-28,-31,30,22,34,25,4960,4070,30,110,820,0.8,920,120,2.7,0.4,3.9,0.6,0.3,0.39,0.58,-9,2
Kincardine,0.234,0.055,0.076,0.11,0.201,0.234,190,-17,-19,28,22,32,25,3890,3100,32,118,930,1,1030,190,2.6,0.4,3.8,0.6,0.41,0.53,0.8,-6,5.3
Kingston,0.428,0.118,0.174,0.219,0.368,0.428,80,-22,-24,28,23,32,26,4000,3200,29,138,890,1,1020,190,2.1,0.4,3,0.6,0.41,0.52,0.76,-7,4.3
Kinmount,0.361,0.0907,0.133,0.177,0.311,0.361,295,-26,-28,29,23,33,26,4600,3740,32,139,870,0.9,1030,130,2.7,0.4,3.8,0.6,0.3,0.39,0.58,-7,2
Kirkland Lake,0.335,0.103,0.147,0.181,0.288,0.335,325,-33,-36,29,22,33,25,6000,5050,30,120,720,0.8,970,100,2.9,0.3,4,0.4,0.33,0.43,0.62,-11,3.8
Kitchener,0.291,0.078,0.113,0.142,0.251,0.291,335,-19,-21,29,23,33,26,4200,3380,36,152,900,0.9,1010,150,2,0.4,2.9,0.6,0.32,0.41,0.61,-6,4.5
Kitchenuhmaykoosib / Big Trout Lake,0.111,0.0305,0.0432,0.0556,0.0951,0.111,215,-38,-40,26,20,30,23,7450,?Çô,24,123,490,0.8,680,150,3.2,0.2,4.6,0.3,0.34,0.46,0.69,-14,3.7
Lakefield,0.366,0.0933,0.137,0.18,0.315,0.366,240,-24,-26,30,23,34,26,4330,3500,32,118,830,0.9,920,150,2.2,0.4,3.1,0.6,0.33,0.42,0.62,-7,2
Lansdowne House,0.118,0.0318,0.0451,0.058,0.101,0.118,240,-38,-40,28,21,32,24,7150,6160,30,122,610,0.8,770,150,3,0.2,4.2,0.3,0.26,0.35,0.52,-13,3.5
Leamington,0.246,0.0707,0.101,0.127,0.212,0.246,190,-15,-17,31,24,34,27,3400,2650,35,142,910,0.9,960,190,0.8,0.4,1.2,0.6,0.41,0.52,0.76,-5,5
Lindsay,0.349,0.0887,0.13,0.171,0.3,0.349,265,-24,-26,30,23,34,26,4320,3490,32,133,830,0.8,930,150,2.3,0.4,3.3,0.6,0.33,0.42,0.62,-7,2.5
Lion's Head,0.254,0.0597,0.0827,0.12,0.219,0.254,185,-19,-21,27,22,31,25,4300,3470,32,132,820,0.9,1020,190,2.7,0.4,3.9,0.6,0.41,0.53,0.8,-6,4.1
Listowel,0.264,0.0631,0.0913,0.125,0.226,0.264,380,-19,-21,29,23,33,26,4300,3470,36,152,920,0.9,1080,170,2.6,0.4,3.8,0.6,0.37,0.47,0.69,-6,4.5
London,0.264,0.0693,0.1,0.128,0.227,0.264,245,-18,-20,30,24,34,27,3900,3110,36,131,940,0.9,1060,200,1.9,0.4,2.8,0.6,0.41,0.52,0.76,-6,4.4
Lucan,0.252,0.0632,0.0913,0.12,0.217,0.252,300,-17,-19,30,23,34,26,3900,3110,32,144,930,0.9,1090,200,2.3,0.4,3.3,0.6,0.41,0.53,0.8,-6,4.6
Maitland,0.526,0.187,0.271,0.323,0.451,0.526,85,-23,-25,29,23,33,26,4080,3270,32,132,900,1,1070,180,2.2,0.4,3.1,0.6,0.37,0.48,0.73,-8,3.2
Markdale,0.274,0.0647,0.092,0.13,0.235,0.274,425,-20,-22,29,22,33,25,4500,3650,36,132,960,0.9,1130,170,3.2,0.4,4.6,0.6,0.35,0.45,0.67,-6,3.6
Markham,0.354,0.11,0.157,0.192,0.305,0.354,175,-21,-23,31,24,35,27,4000,3200,32,110,830,0.8,900,150,1.3,0.4,1.9,0.6,0.37,0.48,0.73,-6,4.2
Martin,0.131,0.0407,0.0573,0.0727,0.113,0.131,485,-35,-37,29,22,33,25,5900,4950,32,133,670,0.8,830,130,2.6,0.3,3.7,0.4,0.24,0.33,0.52,-11,2.8
Matheson,0.309,0.0973,0.139,0.171,0.266,0.309,265,-33,-36,29,21,33,24,6080,5130,26,113,700,0.8,920,100,2.8,0.3,3.9,0.4,0.33,0.43,0.62,-11,3.5
Mattawa,0.547,0.258,0.365,0.423,0.47,0.547,165,-29,-31,30,22,34,25,5050,4130,30,111,830,0.9,960,110,2.1,0.4,2.9,0.6,0.28,0.35,0.52,-9,3.2
Midland,0.31,0.0741,0.107,0.148,0.267,0.31,190,-24,-26,29,23,33,26,4200,3380,32,124,860,0.9,1140,170,2.7,0.4,3.9,0.6,0.33,0.43,0.65,-6,3.7
Milton,0.344,0.114,0.162,0.196,0.295,0.344,200,-18,-20,30,23,34,26,3920,3120,32,160,870,0.9,930,170,1.3,0.4,1.9,0.6,0.37,0.47,0.69,-6,4.5
Milverton,0.267,0.0653,0.0947,0.127,0.229,0.267,370,-19,-21,29,23,33,26,4200,3380,36,138,920,0.9,1140,170,2.4,0.4,3.5,0.6,0.37,0.47,0.69,-6,4.6
Minden,0.364,0.0913,0.135,0.178,0.313,0.364,270,-27,-29,29,23,33,26,4640,3780,32,124,900,0.9,1090,110,2.7,0.4,3.7,0.6,0.3,0.39,0.58,-8,2
Mississauga,0.361,0.127,0.18,0.217,0.311,0.361,160,-18,-20,30,23,34,26,3880,3090,32,145,830,0.9,880,170,1.1,0.4,1.6,0.6,0.37,0.48,0.73,-5,5.2
Mississauga (Lester B. Pearson Int'l Airport),0.351,0.115,0.163,0.197,0.301,0.351,170,-20,-22,31,24,35,27,3890,?Çô,33,138,790,0.8,870,170,1.1,0.4,1.6,0.6,0.37,0.48,0.73,-6,5.2
Mississauga (Port Credit),0.374,0.141,0.198,0.237,0.322,0.374,75,-18,-20,29,23,33,26,3780,3000,32,138,830,0.9,880,170,0.9,0.4,1.3,0.6,0.41,0.53,0.8,-6,5.2
Mitchell,0.255,0.062,0.09,0.121,0.22,0.255,335,-18,-20,29,23,33,26,4100,3290,36,144,930,0.9,1140,170,2.4,0.4,3.5,0.6,0.39,0.5,0.74,-6,4.5
Moosonee,0.177,0.0478,0.068,0.0867,0.152,0.177,10,-36,-38,28,22,32,25,6800,5820,25,111,630,0.8,790,170,2.7,0.3,3.8,0.4,0.29,0.39,0.58,-12,4
Morrisburg,0.638,0.321,0.457,0.522,0.548,0.638,75,-23,-25,30,23,34,26,4370,3530,32,132,940,1,1050,180,2.3,0.4,3.2,0.6,0.35,0.45,0.67,-8,3.5
Mount Forest,0.271,0.0644,0.0933,0.129,0.233,0.271,420,-21,-24,28,22,32,25,4700,3830,36,132,860,0.9,1020,150,2.7,0.4,3.9,0.6,0.35,0.45,0.67,-7,3.3
Nakina,0.122,0.0322,0.0458,0.0589,0.105,0.122,325,-36,-38,28,21,32,24,6500,5530,26,113,660,0.8,850,110,2.8,0.4,3.8,0.5,0.24,0.33,0.52,-12,2.7
Nanticoke (Jarvis),0.314,0.0947,0.135,0.166,0.27,0.314,205,-17,-18,30,23,34,26,3700,2920,36,137,970,1,980,170,1.4,0.4,2.1,0.6,0.41,0.53,0.8,-6,4.5
Nanticoke (Port Dover),0.303,0.0887,0.126,0.157,0.261,0.303,180,-15,-17,30,24,34,27,3600,2830,32,137,990,1,1030,150,1.2,0.4,1.8,0.6,0.41,0.53,0.8,-5,5
Napanee,0.412,0.113,0.166,0.209,0.354,0.412,90,-22,-24,29,23,33,26,4140,3320,29,118,880,0.9,970,170,1.9,0.4,2.8,0.6,0.37,0.47,0.69,-7,4
Newcastle,0.373,0.117,0.167,0.203,0.321,0.373,115,-20,-22,30,23,34,26,3990,3190,30,111,880,0.9,900,170,1.5,0.4,2.2,0.6,0.41,0.53,0.8,-6,4
Newcastle (Bowmanville),0.372,0.117,0.168,0.205,0.321,0.372,95,-20,-22,30,23,34,26,4000,?Çô,30,110,880,0.9,910,170,1.4,0.4,2,0.6,0.41,0.53,0.8,-6,4
NewLiskeard,0.393,0.131,0.189,0.228,0.338,0.393,180,-32,-35,30,22,34,25,5570,4630,30,120,680,0.8,900,110,2.6,0.4,3.6,0.6,0.37,0.47,0.69,-11,4.2
Newmarket,0.327,0.0867,0.125,0.16,0.281,0.327,185,-22,-24,30,23,34,26,4260,3430,36,139,810,0.8,880,150,2,0.4,2.9,0.6,0.33,0.42,0.62,-7,3.5
Niagara Falls,0.41,0.177,0.248,0.292,0.352,0.41,210,-16,-18,30,23,34,26,3600,2830,29,122,940,0.9,1040,170,1.8,0.4,2.7,0.6,0.37,0.47,0.69,-5,4
North Bay,0.431,0.149,0.212,0.255,0.371,0.431,210,-28,-30,28,22,32,25,5150,4230,32,123,920,0.9,1060,120,2.2,0.4,3,0.6,0.3,0.37,0.54,-9,4.4
Norwood,0.376,0.098,0.143,0.186,0.324,0.376,225,-24,-26,30,23,34,26,4320,3490,32,118,830,0.8,930,130,2.1,0.4,3,0.6,0.35,0.45,0.67,-7,2
Oakville,0.377,0.147,0.207,0.247,0.325,0.377,90,-18,-20,30,23,34,26,3760,2980,29,124,870,0.9,930,170,1.1,0.4,1.6,0.6,0.41,0.52,0.76,-5,5.2
Orangeville,0.3,0.0767,0.111,0.145,0.258,0.3,430,-21,-23,29,23,33,26,4450,3610,36,139,850,0.8,960,150,2.3,0.4,3.3,0.6,0.31,0.4,0.59,-7,4
Orillia,0.327,0.0787,0.116,0.157,0.28,0.327,230,-25,-27,29,23,33,26,4260,3430,32,132,860,0.9,1080,130,2.4,0.4,3.4,0.6,0.31,0.4,0.59,-7,3.5
Oshawa,0.371,0.119,0.171,0.207,0.32,0.371,110,-19,-21,30,23,34,26,3860,3070,30,110,880,0.9,950,170,1.4,0.4,2,0.6,0.41,0.53,0.8,-6,4
Ottawa (Barrhaven),0.589,0.255,0.365,0.425,0.508,0.589,98,-25,-27,30,23,34,26,4500,3600,32,119,890,0.9,1000,160,2.4,0.4,3.5,0.6,0.35,0.45,0.67,-8,4.4
Ottawa (City Hall),0.6,0.264,0.377,0.439,0.517,0.6,70,-25,-27,30,23,34,26,4440,3650,30,111,890,0.9,1000,160,2.4,0.4,3.4,0.6,0.35,0.45,0.67,-8,3.5
Ottawa (Kanata),0.576,0.242,0.347,0.406,0.496,0.576,98,-25,-27,30,23,34,26,4520,3670,32,118,870,0.9,1000,160,2.5,0.4,3.6,0.6,0.35,0.45,0.67,-8,4.4
Ottawa (M-C Int'l Airport),0.602,0.269,0.384,0.445,0.519,0.602,125,-25,-27,30,23,34,26,4500,3650,31,115,890,0.9,1000,160,2.4,0.4,3.5,0.6,0.35,0.45,0.67,-8,4.4
Ottawa (Orleans),0.616,0.283,0.404,0.466,0.53,0.616,70,-26,-28,30,23,33,26,4500,3650,30,118,890,0.9,1000,160,2.4,0.4,3.4,0.6,0.35,0.45,0.67,-8,3.5
Owen Sound,0.264,0.062,0.0867,0.124,0.226,0.264,215,-19,-21,29,22,33,25,4030,3220,36,145,890,0.9,1150,170,2.8,0.4,4,0.6,0.37,0.48,0.73,-6,4
Pagwa River,0.137,0.0346,0.0493,0.0646,0.118,0.137,185,-35,-37,28,21,32,24,6500,5530,26,113,660,0.8,930,80,2.7,0.4,3.6,0.5,0.24,0.33,0.52,-12,2.7
Paris,0.304,0.088,0.126,0.156,0.262,0.304,245,-18,-20,30,23,34,26,4000,3200,29,122,910,0.9,1010,170,1.4,0.4,2,0.6,0.36,0.46,0.68,-6,4.2
Parkhill,0.242,0.0601,0.0867,0.115,0.209,0.242,205,-16,-18,31,23,35,26,3800,3010,32,131,920,0.9,1010,200,2.1,0.4,3.1,0.6,0.41,0.53,0.8,-6,5
Parry Sound,0.322,0.0787,0.115,0.155,0.277,0.322,215,-24,-26,28,22,32,25,4640,3780,30,124,950,1,1110,170,2.8,0.4,4,0.6,0.33,0.43,0.65,-8,3.7
Pelham (Fonthill),0.4,0.171,0.24,0.283,0.344,0.4,230,-15,-17,30,23,34,26,3690,2910,29,122,950,0.9,1040,170,2.1,0.4,3.1,0.6,0.36,0.46,0.68,-6,4
Pembroke,0.546,0.227,0.325,0.381,0.469,0.546,125,-28,-31,30,23,34,26,4980,4090,30,135,770,0.8,930,100,2.5,0.4,3.5,0.6,0.3,0.39,0.58,-9,2.7
Penetanguishene,0.309,0.0738,0.107,0.147,0.266,0.309,220,-24,-26,29,23,33,26,4200,3380,32,124,830,0.9,1120,170,2.8,0.4,4,0.6,0.33,0.43,0.65,-7,3.7
Perth,0.491,0.155,0.226,0.273,0.423,0.491,130,-25,-27,30,23,34,26,4540,3690,32,118,860,0.8,1000,140,2.3,0.4,3.3,0.6,0.35,0.45,0.67,-8,2.3
Petawawa,0.542,0.227,0.323,0.379,0.466,0.542,135,-29,-31,30,23,34,26,4980,4090,30,118,770,0.8,920,100,2.6,0.4,3.6,0.6,0.3,0.39,0.58,-9,2.7
Peterborough,0.363,0.0947,0.138,0.179,0.312,0.363,200,-23,-25,30,23,34,26,4400,3560,32,118,820,0.8,910,150,2,0.4,2.9,0.6,0.35,0.45,0.67,-7,2.8
Petrolia,0.233,0.0595,0.086,0.112,0.201,0.233,195,-16,-18,31,24,34,27,3640,2870,32,137,930,0.9,1010,200,1.3,0.4,1.9,0.6,0.41,0.52,0.76,-6,4.2
Pickering (Dunbarton),0.375,0.13,0.185,0.223,0.324,0.375,85,-19,-21,30,23,34,26,3800,3010,29,118,840,0.9,900,150,1,0.4,1.5,0.6,0.41,0.53,0.8,-6,4
Picton,0.398,0.113,0.164,0.203,0.342,0.398,95,-21,-23,29,23,33,26,3980,3180,29,117,890,0.9,1020,170,2,0.4,2.9,0.6,0.42,0.54,0.81,-6,4.5
Plattsville,0.286,0.0767,0.11,0.14,0.246,0.286,300,-19,-21,29,23,33,26,4150,3330,36,132,940,0.9,1030,150,1.9,0.4,2.8,0.6,0.36,0.46,0.68,-6,4.2
Point Alexander,0.545,0.233,0.332,0.388,0.468,0.545,150,-29,-32,30,22,34,25,4960,4040,30,118,780,0.8,950,110,2.5,0.4,3.5,0.6,0.3,0.39,0.58,-9,3.2
Port Burwell,0.283,0.0813,0.116,0.145,0.244,0.283,195,-15,-17,30,24,34,27,3800,3010,32,117,1060,1.1,1090,190,1.2,0.4,1.7,0.6,0.41,0.52,0.76,-5,5
Port Colborne,0.391,0.164,0.23,0.273,0.337,0.391,180,-15,-17,30,24,34,27,3600,2830,29,137,990,1,1100,170,2.1,0.4,3.1,0.6,0.4,0.51,0.75,-5,5
Port Elgin,0.243,0.0571,0.0787,0.114,0.209,0.243,205,-17,-19,28,22,32,25,4100,3290,32,118,920,0.9,920,190,2.8,0.4,4,0.6,0.41,0.53,0.8,-6,5.3
Port Hope,0.377,0.116,0.167,0.203,0.325,0.377,100,-21,-23,29,23,33,26,3970,3170,30,121,880,0.9,900,190,1.2,0.4,1.7,0.6,0.41,0.53,0.8,-6,4
Port Perry,0.347,0.0947,0.137,0.173,0.298,0.347,270,-22,-24,30,23,34,26,4260,3430,32,125,830,0.8,930,150,2.4,0.4,3.5,0.6,0.37,0.48,0.73,-7,3.4
Port Stanley,0.271,0.076,0.109,0.137,0.233,0.271,180,-15,-17,31,24,35,27,3850,3060,32,117,1070,1.1,1060,190,1.2,0.4,1.7,0.6,0.41,0.52,0.76,-5,5
Prescott,0.557,0.225,0.323,0.379,0.479,0.557,90,-23,-25,29,23,33,26,4120,3310,32,132,900,1,1080,180,2.2,0.4,3.1,0.6,0.37,0.48,0.73,-8,3.2
Princeton,0.293,0.0813,0.117,0.145,0.252,0.293,280,-18,-20,30,23,34,26,4000,3200,32,124,930,0.9,1010,170,1.5,0.4,2.2,0.6,0.36,0.46,0.68,-6,4.2
Raith,0.125,0.0379,0.0533,0.068,0.107,0.125,475,-34,-37,28,22,32,25,5900,4950,30,125,690,0.8,840,130,2.7,0.4,3.8,0.6,0.24,0.33,0.52,-11,2.3
Rayside-Balfour (Chelmsford),0.284,0.0707,0.103,0.137,0.245,0.284,270,-28,-30,29,21,33,24,5200,4280,32,119,770,0.8,930,190,2.5,0.4,3.5,0.6,0.39,0.5,0.74,-9,3.8
RedLake,0.129,0.0388,0.0547,0.07,0.111,0.129,360,-35,-37,28,21,32,26,6220,5290,26,120,560,0.7,700,130,2.6,0.3,3.7,0.4,0.24,0.33,0.52,-11,3.5
Renfrew,0.54,0.214,0.307,0.362,0.464,0.54,115,-27,-30,30,23,34,26,4900,4020,30,125,740,0.9,910,140,2.5,0.4,3.5,0.6,0.3,0.39,0.58,-9,3.5
Richmond Hill,0.341,0.101,0.144,0.177,0.293,0.341,230,-21,-23,31,24,35,27,4000,3200,32,125,860,0.8,930,150,1.5,0.4,2.2,0.6,0.37,0.48,0.73,-6,3.5
Rockland,0.629,0.299,0.427,0.491,0.54,0.629,50,-26,-28,30,23,34,26,4600,3740,30,119,920,1,1050,160,2.4,0.4,3.3,0.6,0.34,0.44,0.67,-8,3.5
Sarnia,0.223,0.0551,0.0793,0.106,0.192,0.223,190,-16,-18,31,24,34,27,3750,2970,32,126,860,0.9,910,190,1.1,0.4,1.6,0.6,0.41,0.52,0.76,-6,4.7
Sault Ste. Marie,0.16,0.0377,0.0528,0.0753,0.138,0.16,190,-25,-28,29,22,33,25,4960,4040,30,125,780,1,1030,210,3.1,0.4,4.5,0.6,0.36,0.48,0.75,-8,4.1
Schreiber,0.118,0.0317,0.0449,0.0578,0.101,0.118,310,-34,-36,27,21,31,24,5960,5010,26,134,730,0.8,940,170,3.3,0.4,4.7,0.6,0.32,0.43,0.67,-10,3
Seaforth,0.246,0.0586,0.0847,0.117,0.212,0.246,310,-17,-19,30,23,34,26,4100,3290,32,138,930,0.9,1110,170,2.5,0.4,3.6,0.6,0.39,0.5,0.74,-6,5
Shelburne,0.292,0.0713,0.104,0.14,0.252,0.292,495,-22,-24,29,23,33,26,4700,3830,36,139,860,0.9,980,160,3.1,0.4,4.4,0.6,0.34,0.44,0.67,-7,3.5
Simcoe,0.3,0.0867,0.124,0.154,0.259,0.3,210,-17,-19,30,24,34,27,3700,2920,36,144,990,1,1030,170,1.3,0.4,1.9,0.6,0.39,0.5,0.74,-6,4
Sioux Lookout,0.136,0.0419,0.0591,0.0753,0.117,0.136,375,-34,-36,28,22,32,25,5950,5030,32,126,620,0.7,790,110,2.6,0.3,3.7,0.4,0.24,0.33,0.52,-12,3
Smiths Falls,0.512,0.171,0.247,0.298,0.439,0.512,130,-25,-27,30,23,34,26,4540,3690,32,118,860,0.9,940,140,2.3,0.4,3.3,0.6,0.35,0.45,0.67,-8,2.5
Smithville,0.391,0.165,0.231,0.273,0.336,0.391,185,-16,-18,30,23,34,26,3650,2880,29,137,920,0.9,980,170,1.5,0.4,2.2,0.6,0.36,0.46,0.68,-6,4.2
Smooth Rock Falls,0.288,0.111,0.154,0.186,0.248,0.288,235,-34,-36,29,21,33,24,6250,5290,26,121,680,0.8,950,80,2.7,0.3,3.8,0.4,0.28,0.35,0.5,-11,3.9
Southampton,0.244,0.0573,0.0793,0.115,0.21,0.244,180,-17,-19,28,22,32,25,4100,3290,32,118,930,1,900,190,2.7,0.4,3.9,0.6,0.41,0.53,0.8,-6,5.3
South River,0.386,0.111,0.161,0.198,0.333,0.386,355,-27,-29,29,22,33,25,5090,4190,32,132,980,1,1060,120,2.8,0.4,3.9,0.6,0.3,0.39,0.58,-9,2.5
St. Catharines,0.408,0.175,0.245,0.289,0.35,0.408,105,-16,-18,30,23,34,26,3540,2780,29,117,890,0.9,930,170,1,0.4,1.5,0.6,0.4,0.51,0.75,-5,4.5
St. Marys,0.262,0.0661,0.0953,0.125,0.225,0.262,310,-18,-20,30,23,34,26,4000,3200,36,138,940,1,1110,180,2.2,0.4,3.2,0.6,0.41,0.52,0.76,-6,4.5
St. Thomas,0.269,0.074,0.106,0.133,0.231,0.269,225,-16,-18,31,24,35,27,3780,3000,32,131,1030,1,1060,190,1.4,0.4,2,0.6,0.41,0.52,0.76,-6,4.7
Stirling,0.392,0.107,0.156,0.197,0.338,0.392,120,-23,-25,30,23,34,26,4220,3400,32,124,850,0.9,930,130,1.7,0.4,2.4,0.6,0.34,0.44,0.67,-7,2.2
Stratford,0.268,0.0673,0.0973,0.128,0.23,0.268,360,-18,-20,29,23,33,26,4050,3240,36,144,940,1,1140,170,2.3,0.4,3.4,0.6,0.39,0.5,0.74,-6,4.5
Strathroy,0.249,0.0646,0.0933,0.12,0.215,0.249,225,-17,-19,31,24,35,27,3780,3000,32,131,880,0.9,1040,200,1.9,0.4,2.8,0.6,0.41,0.52,0.76,-6,4.7
Sturgeon Falls,0.381,0.117,0.167,0.204,0.329,0.381,205,-28,-30,29,21,33,24,5200,4280,32,123,830,0.9,990,140,2.4,0.4,3.3,0.6,0.3,0.39,0.58,-9,4.4
Sudbury,0.297,0.0753,0.109,0.144,0.256,0.297,275,-28,-30,29,21,33,24,5180,4260,32,125,770,0.8,950,210,2.5,0.4,3.6,0.6,0.4,0.51,0.75,-9,4.5
Sundridge,0.38,0.107,0.156,0.194,0.328,0.38,340,-27,-29,29,22,33,25,5080,4180,32,125,990,1,1060,120,2.8,0.4,3.9,0.6,0.3,0.39,0.58,-9,2.5
Tavistock,0.274,0.0707,0.102,0.132,0.236,0.274,340,-19,-21,29,23,33,26,4100,3290,36,144,940,1,1100,170,2.1,0.4,3,0.6,0.39,0.5,0.74,-6,4.5
Temagami,0.417,0.146,0.208,0.25,0.357,0.417,300,-30,-33,30,22,34,25,5420,4490,30,119,780,0.8,970,130,2.6,0.4,3.6,0.6,0.32,0.41,0.61,-10,3.9
Thamesford,0.271,0.0713,0.103,0.131,0.233,0.271,280,-19,-21,30,23,34,26,3950,3150,36,138,940,0.9,1050,180,1.9,0.4,2.7,0.6,0.41,0.53,0.8,-6,4.4
Thedford,0.236,0.0581,0.084,0.112,0.203,0.236,205,-16,-18,31,23,35,26,3710,2930,32,131,930,1.1,980,200,2.1,0.4,3.1,0.6,0.41,0.53,0.8,-6,5
ThunderBay,0.116,0.0339,0.0477,0.0613,0.0999,0.116,210,-31,-33,29,21,33,24,5650,4710,30,139,690,0.8,790,180,2.9,0.4,4.2,0.6,0.32,0.43,0.67,-10,3.3
Tillsonburg,0.284,0.0787,0.113,0.141,0.244,0.284,215,-17,-19,30,24,34,27,3840,3050,32,131,1000,1,1060,170,1.3,0.4,1.9,0.6,0.37,0.48,0.73,-6,3.5
Timmins,0.268,0.0767,0.109,0.137,0.23,0.268,300,-34,-36,29,21,33,24,5940,4990,26,141,680,0.8,980,100,3.1,0.3,4.3,0.4,0.3,0.39,0.55,-11,3.5
Timmins (Porcupine),0.28,0.0847,0.121,0.149,0.241,0.28,295,-34,-36,29,21,33,24,6000,5050,26,135,680,0.8,980,100,2.9,0.3,4,0.4,0.32,0.41,0.58,-11,3.5
Etobicoke,0.352,0.115,0.163,0.198,0.303,0.352,160,-20,-22,31,24,35,27,3800,3010,33,138,830,0.8,880,170,1.1,0.4,1.6,0.6,0.37,0.48,0.73,-6,4
North York,0.357,0.117,0.166,0.201,0.307,0.357,175,-20,-22,31,24,35,27,3760,2980,32,138,840,0.8,930,160,1.2,0.4,1.7,0.6,0.37,0.48,0.73,-6,4
Scarborough,0.37,0.128,0.182,0.22,0.319,0.37,180,-20,-22,31,24,35,27,3800,3010,32,118,840,0.9,900,170,1.2,0.4,1.8,0.6,0.41,0.52,0.76,-6,4
Toronto (City Hall),0.381,0.144,0.203,0.243,0.328,0.381,90,-18,-20,31,23,35,26,3520,2760,32,124,830,0.9,900,170,0.9,0.4,1.3,0.6,0.37,0.48,0.73,-5,4
Trenton,0.394,0.115,0.167,0.205,0.339,0.394,80,-22,-24,29,23,33,26,4110,3300,29,124,870,0.9,920,170,1.6,0.4,2.3,0.6,0.41,0.52,0.76,-6,4
Trout Creek,0.399,0.121,0.175,0.213,0.343,0.399,330,-27,-29,29,22,33,25,5100,4200,32,133,920,0.9,1060,120,2.7,0.4,3.7,0.6,0.3,0.39,0.58,-9,2.5
Uxbridge,0.341,0.092,0.133,0.169,0.293,0.341,275,-22,-24,30,23,34,26,4240,3410,32,133,810,0.8,930,150,2.4,0.4,3.5,0.6,0.36,0.46,0.68,-7,3.4
Vaughan (Woodbridge),0.339,0.102,0.145,0.179,0.291,0.339,165,-20,-22,31,24,35,27,4100,3290,33,145,810,0.8,880,150,1.1,0.4,1.6,0.6,0.37,0.48,0.73,-6,4
Vittoria,0.298,0.086,0.123,0.153,0.257,0.298,215,-15,-17,30,24,34,27,3680,2900,32,143,1010,1,1030,170,1.3,0.4,1.9,0.6,0.41,0.52,0.76,-6,4.8
Walkerton,0.253,0.0596,0.084,0.119,0.218,0.253,275,-18,-20,30,22,34,25,4300,3470,36,132,920,0.9,1110,170,2.7,0.4,3.9,0.6,0.4,0.51,0.75,-7,3.8
Wallaceburg,0.235,0.0624,0.09,0.113,0.202,0.235,180,-16,-18,31,24,34,27,3600,2830,35,122,870,0.9,910,190,0.9,0.4,1.3,0.6,0.39,0.5,0.74,-6,4.5
Waterloo,0.288,0.076,0.11,0.14,0.248,0.288,330,-19,-21,29,23,33,26,4200,3380,36,152,900,0.9,1010,170,2,0.4,2.9,0.6,0.32,0.41,0.61,-6,4.5
Watford,0.24,0.0613,0.0887,0.115,0.207,0.24,240,-17,-19,31,24,35,27,3740,2960,32,137,900,0.9,1040,180,1.9,0.4,2.8,0.6,0.41,0.52,0.76,-6,4.5
Wawa,0.15,0.0362,0.0517,0.0709,0.129,0.15,290,-34,-36,26,21,30,24,5840,4900,26,120,880,0.9,1040,170,3.4,0.4,4.8,0.6,0.33,0.43,0.65,-10,3.5
Welland,0.398,0.169,0.237,0.28,0.342,0.398,180,-15,-17,30,23,34,26,3670,2900,29,131,970,1,1070,170,2,0.4,3,0.6,0.37,0.47,0.69,-6,4
West Lorne,0.261,0.0733,0.105,0.131,0.224,0.261,215,-16,-18,31,24,35,27,3700,2920,35,130,960,1,980,190,1.3,0.4,1.9,0.6,0.41,0.52,0.76,-6,5
Whitby,0.374,0.125,0.179,0.216,0.322,0.374,85,-20,-22,30,23,34,26,3820,3030,30,110,880,0.9,930,170,1.2,0.4,1.8,0.6,0.41,0.53,0.8,-6,4
Whitby (Brooklin),0.361,0.111,0.159,0.193,0.311,0.361,160,-20,-22,30,23,34,26,4010,3210,30,110,890,0.9,930,150,1.9,0.4,2.8,0.6,0.39,0.5,0.74,-6,3.8
White River,0.142,0.0348,0.0497,0.0668,0.122,0.142,375,-39,-42,28,21,32,24,6150,5200,26,120,700,0.8,910,110,3.6,0.4,5,0.6,0.24,0.33,0.52,-11,3
Wiarton,0.256,0.0601,0.0833,0.12,0.22,0.256,185,-19,-21,29,22,33,25,4300,3470,32,132,870,0.9,1070,190,2.7,0.4,3.9,0.6,0.37,0.48,0.73,-6,4.1
Windsor,0.227,0.0615,0.0887,0.112,0.195,0.227,185,-16,-18,32,24,35,27,3400,2650,35,130,910,0.9,990,190,0.8,0.4,1.2,0.6,0.41,0.52,0.76,-5,5
Wingham,0.247,0.0582,0.0827,0.116,0.213,0.247,310,-18,-20,30,23,34,26,4220,3400,36,138,900,0.9,1140,170,2.6,0.4,3.8,0.6,0.4,0.51,0.75,-6,4
Woodstock,0.281,0.0753,0.109,0.137,0.242,0.281,300,-19,-21,30,23,34,26,3910,3110,36,144,950,0.9,1010,180,1.9,0.4,2.7,0.6,0.37,0.48,0.73,-6,4.2
Wyoming,0.232,0.0583,0.084,0.111,0.199,0.232,215,-16,-18,31,24,34,27,3700,2920,32,130,930,0.9,990,200,1.6,0.4,2.4,0.6,0.41,0.52,0.76,-6,4.2
Acton Vale,0.554,0.179,0.261,0.315,0.477,0.554,95,-24,-27,30,23,34,26,4620,3790,27,138,1010,1.1,1170,180,2.3,0.4,3.4,0.6,0.28,0.37,0.55,-8,3.5
Alma,0.771,0.459,0.651,0.72,0.699,0.771,110,-31,-33,28,22,32,25,5800,4860,26,119,850,1,1070,170,3.3,0.4,4.6,0.6,0.28,0.37,0.55,-11,3.8
Amos,0.324,0.0774,0.112,0.155,0.278,0.324,295,-34,-36,28,21,32,24,6160,5210,26,119,810,0.9,1030,100,3.2,0.3,4.3,0.4,0.26,0.34,0.47,-11,3.8
Asbestos,0.535,0.155,0.229,0.285,0.46,0.535,90,-25,-28,30,23,34,26,4520,3620,30,117,870,0.9,1000,160,2.5,0.4,3.6,0.6,0.34,0.43,0.64,-8,3.5
Aylmer,0.587,0.251,0.36,0.42,0.506,0.587,60,-27,-29,25,19,29,22,6020,5070,21,119,850,1.1,1140,240,4.3,0.4,6.2,0.6,0.41,0.53,0.75,-9,4.8
Baie-Comeau,0.573,0.241,0.345,0.403,0.494,0.573,20,-27,-29,28,21,32,24,5280,4350,23,133,900,1,1150,200,3.4,0.6,4.8,0.8,0.39,0.5,0.73,-10,3.5
Baie-Saint-Paul,1.41,0.92,1.31,1.41,1.34,1.12,45,-26,-29,28,22,32,25,5100,4180,26,140,1180,1.2,1340,210,3.4,0.6,4.8,0.8,0.35,0.44,0.65,-9,4
Beauport,0.693,0.322,0.464,0.533,0.596,0.693,55,-24,-26,29,23,33,26,4420,3610,29,117,1040,1.1,1410,160,2.1,0.4,3.1,0.6,0.3,0.39,0.58,-8,2.8
Bedford,0.592,0.238,0.343,0.401,0.51,0.592,25,-24,-26,30,23,34,26,4500,3680,30,118,1000,1.1,1150,190,2.4,0.4,3.6,0.6,0.3,0.39,0.58,-8,3.5
Beloeil,0.642,0.303,0.432,0.495,0.551,0.642,210,-25,-27,29,23,33,26,4730,3880,29,123,1170,1.2,1380,160,2.5,0.4,3.6,0.6,0.3,0.39,0.58,-8,3
Brome,0.539,0.169,0.248,0.299,0.463,0.539,15,-24,-26,30,23,34,26,4420,3610,30,118,960,1,1160,190,2.4,0.4,3.6,0.6,0.36,0.46,0.69,-8,4.3
Brossard,0.67,0.343,0.487,0.553,0.575,0.67,130,-26,-28,30,23,33,26,4880,3970,30,118,960,1,1100,160,2.6,0.4,3.6,0.6,0.33,0.42,0.64,-8,2.2
Buckingham,0.62,0.291,0.415,0.478,0.533,0.62,115,-28,-30,30,23,34,26,4900,3980,30,124,840,0.9,950,140,2.6,0.4,3.6,0.6,0.26,0.34,0.5,-9,2.8
Campbell's Bay,0.561,0.234,0.335,0.392,0.483,0.561,20,-24,-26,30,23,34,26,4450,3630,30,118,1010,1.1,1130,170,2.3,0.4,3.4,0.6,0.33,0.42,0.64,-8,3.5
Chambly,0.653,0.321,0.457,0.522,0.561,0.653,295,-25,-27,28,22,32,25,4750,3840,29,123,1020,1.1,1170,170,2.3,0.6,3.3,0.9,0.28,0.37,0.55,-8,3
Coaticook,0.512,0.147,0.218,0.269,0.44,0.512,10,-25,-27,30,23,34,26,4500,3680,26,133,970,1,1120,190,2.8,0.4,4.1,0.6,0.36,0.45,0.66,-8,3.5
Contrecoeur,0.63,0.281,0.401,0.463,0.541,0.63,120,-25,-27,29,23,33,26,4540,3710,30,117,1110,1.1,1280,160,2.3,0.4,3.4,0.6,0.3,0.39,0.58,-8,2.8
Cowansville,0.556,0.189,0.275,0.329,0.479,0.556,25,-25,-27,29,23,33,26,4440,3630,30,125,980,1,1160,170,2.4,0.4,3.5,0.6,0.3,0.39,0.58,-8,3.5
Deux-Montagnes,0.676,0.349,0.495,0.563,0.581,0.676,120,-32,-34,28,22,32,25,6250,5290,29,120,820,1,1020,150,3.5,0.3,4.8,0.4,0.28,0.37,0.53,-12,3.8
Dolbeau,0.623,0.289,0.412,0.474,0.536,0.623,85,-26,-28,30,23,34,26,4700,3860,29,139,1030,1.1,1200,180,2.5,0.4,3.6,0.6,0.28,0.37,0.55,-9,3.8
Drummondville,0.568,0.192,0.28,0.335,0.489,0.568,60,-24,-26,29,23,33,26,4500,3680,30,123,1080,1.1,1180,180,2.5,0.4,3.7,0.6,0.3,0.39,0.58,-8,2.8
Farnham,0.595,0.239,0.343,0.403,0.513,0.595,110,-28,-30,30,23,34,26,4950,4030,30,124,860,0.9,1010,100,2.5,0.4,3.5,0.6,0.26,0.34,0.5,-9,3
Fort-Coulonge,0.56,0.234,0.335,0.392,0.481,0.56,545,-34,-36,24,19,28,22,7600,6600,22,105,730,1,1060,160,4.6,0.4,6.4,0.6,0.32,0.41,0.6,-14,3.7
Gagnon,0.253,0.0592,0.078,0.118,0.218,0.253,55,-25,-26,26,20,30,23,5500,4570,25,153,970,1.1,1260,330,4.3,0.6,6.2,0.9,0.39,0.5,0.73,-8,3.5
Gaspe,0.368,0.094,0.137,0.181,0.317,0.368,95,-25,-28,30,23,34,26,4600,3690,30,118,940,1,1060,160,2.5,0.4,3.6,0.6,0.34,0.43,0.64,-8,3.2
Gatineau,0.603,0.266,0.381,0.443,0.519,0.603,175,-28,-31,30,23,34,26,5080,4160,30,124,830,0.9,1050,140,2.6,0.4,3.7,0.6,0.26,0.34,0.5,-9,2.2
Gracefield,0.582,0.256,0.367,0.427,0.501,0.582,120,-25,-27,29,23,33,26,4500,3680,30,131,1110,1.1,1310,160,2.3,0.4,3.4,0.6,0.28,0.37,0.55,-8,2.5
Granby,0.558,0.187,0.273,0.327,0.48,0.558,30,-27,-29,19,16,23,20,6150,5200,20,127,1120,1.4,1280,330,4.9,0.6,7,0.9,0.59,0.76,1.03,-9,5
Harrington Harbour,0.204,0.0487,0.0693,0.0973,0.176,0.204,5,-27,-29,22,18,26,22,6100,5150,20,126,960,1.2,1250,340,4.1,0.6,5.9,0.9,0.51,0.66,0.95,-9,5
Havre-Saint-Pierre,0.371,0.135,0.191,0.229,0.319,0.371,75,-24,-26,30,23,34,26,4380,3570,29,116,920,1,1160,160,2.4,0.4,3.6,0.6,0.33,0.42,0.64,-8,3
Hemmingford,0.658,0.327,0.465,0.531,0.565,0.658,65,-25,-28,30,23,34,26,4550,3650,30,117,870,0.9,1000,160,2.4,0.4,3.5,0.6,0.34,0.43,0.64,-8,3.2
Hull,0.596,0.26,0.371,0.433,0.514,0.596,35,-24,-26,29,23,33,26,4450,3630,30,118,1050,1.1,1140,160,2.2,0.4,3.3,0.6,0.34,0.43,0.64,-8,3
Iberville,0.645,0.309,0.44,0.504,0.553,0.645,5,-36,-38,21,15,26,19,9150,8100,13,79,370,0.9,510,270,4.1,0.2,5.9,0.3,0.39,0.5,0.69,-15,5.4
Inukjuak,0.142,0.038,0.054,0.0693,0.122,0.142,45,-26,-28,29,23,33,26,4720,3870,27,133,940,1,1120,170,3.1,0.4,4.4,0.6,0.29,0.38,0.57,-8,2.5
Joliette,0.623,0.277,0.395,0.457,0.536,0.623,25,-37,-39,24,17,29,21,8550,7520,13,75,380,0.8,640,290,4.8,0.2,7.1,0.3,0.49,0.63,0.85,-14,4
Kuujjuaq,0.201,0.0471,0.0648,0.0943,0.173,0.201,20,-36,-38,25,17,29,20,7990,6980,17,113,540,0.9,720,200,4.2,0.3,6,0.4,0.39,0.5,0.69,-13,4.6
Kuujjuarapik,0.117,0.0315,0.0446,0.0575,0.1,0.117,65,-26,-28,29,23,33,26,4640,4570,30,125,1080,1.1,1200,170,2.4,0.4,3.4,0.6,0.33,0.42,0.64,-8,2.8
Lachute,0.646,0.305,0.437,0.501,0.554,0.646,420,-27,-29,27,22,31,25,5180,4470,29,117,950,1,1150,160,3.2,0.6,4.6,0.9,0.28,0.37,0.55,-8,3.5
Lac-Megantic,0.519,0.148,0.219,0.271,0.445,0.519,25,-26,-28,28,21,32,24,5400,3800,23,133,790,0.9,1040,200,3.1,0.6,4.3,0.8,0.39,0.5,0.73,-9,3.5
LaMalbaie,1.53,1,1.43,1.53,1.47,1.2,55,-24,-26,28,22,32,25,5160,4240,23,133,830,1,1110,190,3.2,0.6,4.5,0.9,0.41,0.53,0.75,-8,4.3
La Pocatiere,1.33,0.86,1.23,1.33,1.27,1.09,165,-30,-32,29,22,33,25,5500,4260,30,125,870,1,1040,170,3.4,0.4,4.7,0.6,0.28,0.37,0.53,-10,2.1
La Tuque,0.545,0.157,0.235,0.29,0.468,0.545,155,-28,-30,29,22,33,25,4700,3790,29,123,1000,1.1,1220,160,2.1,0.6,3.1,0.9,0.26,0.34,0.5,-8,2.9
Lennoxville,0.518,0.145,0.215,0.27,0.444,0.518,30,-24,-26,29,23,33,26,4420,3610,30,118,960,1,1070,190,2.3,0.4,3.4,0.6,0.35,0.44,0.65,-8,3.5
Lery,0.679,0.353,0.502,0.569,0.584,0.679,100,-26,-29,28,22,32,25,5200,4280,26,133,1180,1.2,1370,210,3.7,0.6,5.1,0.8,0.34,0.43,0.64,-9,3
Loretteville,0.684,0.315,0.454,0.523,0.588,0.684,15,-25,-28,29,23,33,26,4900,4030,26,134,960,1,1150,160,2.9,0.4,4.1,0.6,0.36,0.45,0.66,-9,3
Louiseville,0.597,0.233,0.335,0.395,0.515,0.597,215,-26,-28,29,23,33,26,4730,3880,29,123,1010,1.1,1250,160,2.3,0.4,3.4,0.6,0.28,0.37,0.55,-8,3.5
Magog,0.521,0.149,0.221,0.275,0.446,0.521,325,-33,-36,29,21,33,24,6200,5240,26,112,770,0.8,1000,110,3.3,0.3,4.4,0.4,0.26,0.34,0.47,-11,3.6
Malartic,0.363,0.0947,0.138,0.179,0.312,0.363,180,-30,-32,29,22,33,25,5280,4350,30,124,830,0.9,990,110,2.4,0.4,3.4,0.6,0.25,0.33,0.49,-9,2.2
Maniwaki,0.58,0.257,0.368,0.428,0.5,0.58,50,-26,-28,30,23,33,26,4610,3700,30,118,930,1,1080,160,2.4,0.4,3.3,0.6,0.33,0.42,0.64,-8,3.2
Masson,0.624,0.296,0.422,0.485,0.537,0.624,5,-24,-26,24,20,28,23,5510,4580,23,119,800,1,1200,250,3.7,0.4,5.3,0.6,0.45,0.58,0.82,-8,6
Matane,0.582,0.258,0.367,0.427,0.502,0.582,90,-24,-26,26,21,30,24,5370,4440,23,119,760,0.9,1050,240,4.1,0.4,6,0.6,0.43,0.55,0.77,-8,5.9
Mont-Joli,0.612,0.261,0.374,0.437,0.527,0.612,225,-29,-32,29,22,33,25,5320,4390,31,132,940,0.9,1110,170,2.6,0.4,3.6,0.6,0.24,0.32,0.47,-10,2.2
Mont-Laurier,0.576,0.251,0.359,0.418,0.496,0.576,10,-25,-28,28,22,32,25,5090,4170,26,133,1070,1.1,1230,190,2.9,0.6,4,0.8,0.39,0.49,0.73,-9,4
Montmagny,0.767,0.392,0.565,0.639,0.66,0.767,25,-24,-26,30,23,34,26,4440,3630,30,118,930,1,1070,190,2.3,0.4,3.4,0.6,0.35,0.44,0.65,-8,3.5
Beaconsfield,0.679,0.353,0.501,0.569,0.584,0.679,25,-24,-26,30,23,34,26,4400,3590,30,118,910,1,1060,190,2.4,0.4,3.3,0.6,0.36,0.46,0.69,-8,4
Dorval,0.678,0.351,0.499,0.567,0.583,0.678,35,-24,-26,29,23,33,26,4500,3680,30,125,990,1,1160,170,2.6,0.4,3.9,0.6,0.35,0.44,0.65,-8,3.5
Laval,0.675,0.347,0.493,0.56,0.58,0.675,20,-23,-26,30,23,34,26,4200,3410,30,125,990,1,1160,190,2.6,0.4,4,0.6,0.36,0.46,0.69,-8,3.5
Montreal (City Hall),0.673,0.347,0.492,0.559,0.579,0.673,25,-23,-26,30,23,34,26,4470,3650,30,125,990,1,1150,190,2.7,0.4,4,0.6,0.36,0.46,0.69,-8,3.5
Montreal-Est,0.669,0.341,0.484,0.551,0.575,0.669,20,-24,-26,30,23,34,26,4470,3650,30,125,990,1,1150,170,2.6,0.4,3.9,0.6,0.35,0.44,0.65,-8,3.5
Montreal-Nord,0.673,0.346,0.491,0.557,0.578,0.673,105,-23,-26,30,23,34,26,4300,3500,30,125,980,1,1160,190,2.8,0.4,4.2,0.6,0.36,0.46,0.69,-8,3.5
Outremont,0.675,0.348,0.495,0.561,0.58,0.675,25,-24,-26,30,23,34,26,4430,3620,30,125,960,1,1080,190,2.4,0.4,3.5,0.6,0.35,0.44,0.65,-8,3.5
Pierrefonds,0.678,0.351,0.499,0.566,0.582,0.678,35,-24,-26,29,23,33,26,4460,3640,30,125,940,1,1080,190,2.3,0.4,3.4,0.6,0.35,0.44,0.65,-8,3.3
Sainte-Anne-de-Bellevue,0.679,0.353,0.501,0.569,0.584,0.679,15,-23,-26,30,23,34,26,4400,3590,30,125,970,1,1180,170,2.5,0.4,3.8,0.6,0.36,0.46,0.69,-8,4
Saint-Lambert,0.671,0.344,0.488,0.555,0.576,0.671,45,-23,-26,30,23,34,26,4270,3470,30,125,940,1,1070,170,2.5,0.4,3.7,0.6,0.36,0.46,0.69,-8,3.5
Saint-Laurent,0.676,0.35,0.497,0.564,0.581,0.676,20,-23,-26,30,23,34,26,4200,3410,30,118,930,1,1160,190,2.5,0.4,3.8,0.6,0.36,0.46,0.69,-8,3.5
Verdun,0.674,0.348,0.494,0.561,0.579,0.674,15,-25,-28,29,23,33,26,4900,3980,26,140,1030,1.1,1150,170,2.8,0.4,4,0.6,0.35,0.44,0.65,-9,3.5
Nicolet (Gentilly),0.608,0.235,0.34,0.399,0.524,0.608,545,-39,-41,23,19,27,22,8100,7080,20,93,640,1,960,160,3.5,0.3,4.6,0.4,0.3,0.39,0.55,-14,3.7
Nitchequon,0.17,0.0396,0.0519,0.0792,0.146,0.17,305,-33,-36,29,21,33,24,6050,5100,26,119,780,0.8,970,110,3.2,0.3,4.3,0.4,0.28,0.37,0.53,-11,3.5
Noranda,0.337,0.09,0.131,0.166,0.289,0.337,5,-21,-24,25,19,29,23,5400,4470,21,139,1260,1.3,1480,330,3.8,0.6,5.5,0.9,0.51,0.66,0.95,-7,5.1
Perce,0.355,0.0864,0.126,0.172,0.305,0.355,25,-24,-26,29,23,33,26,4480,3660,30,124,940,1,1070,190,2.3,0.4,3.4,0.6,0.35,0.44,0.65,-8,3.3
Pincourt,0.679,0.353,0.502,0.569,0.584,0.679,145,-26,-28,29,23,33,26,5100,4180,27,139,1060,1.1,1280,180,2.8,0.6,4.1,0.9,0.28,0.37,0.55,-9,3.2
Plessisville,0.574,0.185,0.271,0.326,0.494,0.574,20,-28,-30,25,19,29,22,6060,5110,20,139,940,1.1,1280,330,4.1,0.4,5.8,0.6,0.44,0.57,0.8,-9,4
Port-Cartier,0.479,0.187,0.267,0.315,0.413,0.479,5,-36,-38,23,16,29,21,9200,8150,10,79,300,0.9,460,280,4.5,0.2,6.5,0.3,0.49,0.63,0.85,-16,5.4
Puvirnituq,0.195,0.0615,0.0867,0.109,0.168,0.195,35,-25,-28,28,23,32,26,5130,4210,26,133,1130,1.2,1340,210,3.4,0.6,4.7,0.8,0.34,0.43,0.64,-8,4
Ancienne-Lorette,0.676,0.307,0.442,0.509,0.581,0.676,50,-25,-28,28,22,32,25,5050,4130,26,140,1110,1.1,1340,170,3.3,0.6,4.6,0.8,0.34,0.43,0.64,-8,4
Levis,0.682,0.31,0.447,0.515,0.586,0.682,120,-25,-28,28,22,32,25,5080,4160,26,140,1110,1.1,1350,210,3.6,0.6,5,0.8,0.34,0.43,0.64,-8,3.5
Quebec,0.682,0.311,0.448,0.516,0.586,0.682,115,-25,-28,28,23,32,26,5100,4180,26,140,1130,1.2,1340,190,3.7,0.6,5.1,0.8,0.34,0.43,0.64,-8,3.5
Sainte-Foy,0.678,0.308,0.444,0.511,0.583,0.678,10,-25,-28,28,23,32,26,5070,4150,26,140,1120,1.2,1340,210,3.1,0.6,4.2,0.8,0.34,0.43,0.64,-8,3.5
Sillery,0.677,0.306,0.441,0.509,0.582,0.677,150,-25,-27,29,22,33,25,4700,3860,30,124,1030,1.1,1170,160,2.4,0.6,3.5,0.9,0.26,0.34,0.5,-9,3.5
Richmond,0.535,0.157,0.232,0.287,0.46,0.535,30,-25,-27,26,20,30,23,5300,4370,23,119,800,0.9,1020,220,3.8,0.4,5.5,0.6,0.43,0.55,0.77,-8,5
Rimouski,0.63,0.263,0.381,0.445,0.541,0.63,55,-25,-27,26,21,30,24,5380,4450,23,119,820,0.9,1040,190,3.5,0.6,5,0.9,0.41,0.53,0.75,-8,4
Riviere-du-Loup,0.987,0.633,0.907,0.987,0.942,0.921,100,-31,-33,28,21,32,24,5750,4810,29,119,720,0.8,1030,150,3.5,0.3,5,0.4,0.28,0.37,0.53,-11,3.8
Roberval,0.708,0.397,0.562,0.631,0.609,0.708,160,-25,-27,29,23,33,26,4850,3990,29,116,1060,1.1,1250,160,2,0.4,2.9,0.6,0.28,0.37,0.55,-8,3
Rock Island,0.516,0.15,0.222,0.273,0.442,0.516,25,-24,-26,29,23,33,26,4550,3720,30,125,1000,1.1,1180,170,2.6,0.4,3.8,0.6,0.33,0.42,0.64,-8,3.3
Rosemere,0.672,0.344,0.489,0.555,0.578,0.672,300,-33,-36,29,21,33,24,6050,5100,26,119,780,0.8,1000,110,3.1,0.3,4.2,0.4,0.28,0.37,0.53,-11,3.5
Rouyn,0.339,0.0907,0.132,0.168,0.291,0.339,10,-30,-32,28,22,32,25,5700,4760,23,112,860,1,1090,150,2.7,0.4,3.7,0.6,0.29,0.38,0.54,-10,4.2
Saguenay,0.794,0.467,0.667,0.74,0.719,0.794,5,-31,-33,28,21,32,24,5700,4760,23,112,840,1,1040,180,2.7,0.4,3.7,0.6,0.32,0.4,0.56,-10,4.2
Saguenay (Bagotville),0.807,0.479,0.687,0.753,0.737,0.807,135,-30,-32,28,22,32,25,5650,4710,23,112,860,1,1040,170,3.1,0.4,4.2,0.5,0.28,0.37,0.53,-10,4.2
Saguenay (Jonquiere),0.795,0.472,0.673,0.747,0.725,0.795,140,-30,-32,28,22,32,25,5650,4710,23,112,840,1,1040,170,3.1,0.4,4.2,0.5,0.28,0.37,0.53,-10,4.2
Saguenay (Kenogami),0.795,0.473,0.673,0.747,0.726,0.795,360,-28,-30,28,22,32,25,5390,4470,30,124,970,1.1,1290,140,3.4,0.4,4.6,0.6,0.28,0.37,0.55,-9,2.2
Sainte-Agathe-des-Monts,0.604,0.262,0.375,0.436,0.52,0.604,35,-25,-27,29,23,33,26,4500,3680,30,125,980,1,1160,170,2.4,0.4,3.5,0.6,0.3,0.39,0.58,-8,3.3
Saint-Eustache,0.674,0.346,0.492,0.559,0.579,0.674,105,-32,-34,28,22,32,25,5850,4900,29,119,700,0.8,1020,150,3.5,0.3,4.9,0.4,0.28,0.37,0.53,-11,3.8
Saint-Felicien,0.636,0.303,0.431,0.495,0.546,0.636,35,-25,-27,26,21,30,24,5400,4470,23,119,820,1,1070,190,3.2,0.6,4.6,0.9,0.41,0.53,0.75,-8,4
Saint-Georges-de-Cacouna,0.844,0.498,0.713,0.793,0.782,0.844,25,-24,-26,30,23,34,26,4490,3670,30,118,980,1,1150,190,2.5,0.4,3.7,0.6,0.36,0.46,0.69,-8,4.6
Saint-Hubert,0.667,0.339,0.481,0.547,0.573,0.667,310,-26,-28,26,21,30,24,5520,4590,29,118,910,1,1170,190,4.4,0.6,6.3,0.9,0.33,0.42,0.61,-8,3
Saint-Hubert-de-Riviere-du-Loup,0.696,0.3,0.437,0.506,0.599,0.696,35,-24,-27,30,23,34,26,4500,3680,27,118,1000,1.1,1150,160,2.3,0.4,3.3,0.6,0.28,0.37,0.55,-8,3.5
Saint-Hyacinthe,0.595,0.231,0.333,0.391,0.513,0.595,35,-24,-26,29,23,33,26,4450,3630,30,118,1050,1.1,1140,180,2.2,0.4,3.3,0.6,0.34,0.43,0.64,-8,3
Saint-Jean-sur-Richelieu,0.647,0.313,0.445,0.509,0.556,0.647,95,-26,-28,29,23,33,26,4820,3960,30,125,990,1.1,1150,170,2.7,0.4,3.9,0.6,0.3,0.39,0.58,-8,2.5
Saint-Jerome,0.651,0.315,0.449,0.514,0.559,0.651,230,-29,-31,28,22,32,25,5250,4340,30,124,960,1.1,1130,160,2.8,0.4,3.8,0.5,0.27,0.35,0.51,-9,2.2
Saint-Jovite,0.599,0.26,0.373,0.434,0.516,0.599,60,-24,-26,30,23,34,26,4520,3700,30,124,900,1,1070,190,2.3,0.4,3.4,0.6,0.35,0.44,0.65,-8,3
Saint-Lazare/Hudson,0.677,0.351,0.499,0.566,0.582,0.677,65,-25,-28,28,22,32,25,4990,4070,26,133,1070,1.1,1340,210,3.5,0.6,4.9,0.8,0.35,0.44,0.65,-9,4
Saint-Nicolas,0.664,0.293,0.423,0.489,0.57,0.664,50,-23,-25,29,23,33,26,4400,3590,30,124,910,1,1020,180,2.3,0.4,3.4,0.6,0.35,0.44,0.65,-8,3.1
Salaberry-de-Valleyfield,0.679,0.354,0.503,0.571,0.583,0.679,550,-37,-39,24,16,28,20,8550,7520,17,86,540,0.8,950,200,4.5,0.3,6.4,0.4,0.35,0.44,0.59,-15,4.2
Schefferville,0.136,0.0327,0.0465,0.064,0.117,0.136,310,-34,-36,29,21,33,24,6180,5220,29,119,890,0.9,1030,110,3.3,0.3,4.6,0.4,0.26,0.34,0.47,-11,3.8
Senneterre,0.351,0.0844,0.121,0.169,0.302,0.351,5,-29,-31,24,18,28,22,6200,5240,20,139,960,1.1,1270,330,4.1,0.4,6,0.6,0.44,0.57,0.8,-9,3.9
Sept-Iles,0.452,0.171,0.243,0.29,0.389,0.452,60,-26,-29,29,23,33,26,5050,4130,29,133,980,1.1,1180,190,3.1,0.4,4.3,0.6,0.28,0.37,0.55,-9,2.2
Shawinigan,0.585,0.209,0.303,0.361,0.504,0.585,170,-27,-30,30,23,34,26,4880,3970,30,124,800,0.9,990,160,2.8,0.4,4,0.6,0.28,0.37,0.55,-8,2.8
Shawville,0.561,0.233,0.333,0.391,0.482,0.561,185,-28,-30,29,23,33,26,4700,3790,29,123,1060,1.1,1220,160,2.2,0.6,3.2,0.9,0.26,0.34,0.5,-8,3.1
Sherbrooke,0.52,0.146,0.217,0.272,0.446,0.52,10,-25,-27,29,23,33,26,4550,3720,26,133,960,1,1100,190,2.8,0.4,4.1,0.6,0.36,0.45,0.66,-8,3.5
Sorel,0.609,0.251,0.359,0.42,0.525,0.609,185,-25,-27,29,23,33,26,4600,3770,29,123,1170,1.2,1400,160,2.4,0.4,3.5,0.6,0.3,0.39,0.58,-8,2.8
Sutton,0.541,0.173,0.253,0.305,0.464,0.541,65,-26,-28,27,21,31,24,5450,4520,23,125,880,1,1150,190,3.7,0.4,5.3,0.6,0.43,0.55,0.77,-10,6.9
Tadoussac,0.798,0.428,0.617,0.693,0.691,0.798,240,-30,-32,30,22,34,25,5020,4100,30,124,870,0.9,1030,100,2.5,0.4,3.3,0.5,0.26,0.34,0.5,-9,2.7
Temiscaming,0.7,0.449,0.631,0.7,0.651,0.676,20,-25,-27,29,23,33,26,4500,3680,30,124,990,1,1150,170,2.6,0.4,3.8,0.6,0.33,0.42,0.64,-8,3.5
Terrebonne,0.669,0.341,0.483,0.55,0.575,0.669,330,-26,-28,28,22,32,25,5120,4200,28,138,1130,1.2,1370,160,3.5,0.6,5,0.9,0.28,0.37,0.55,-9,3.2
Thetford Mines,0.552,0.162,0.24,0.296,0.474,0.552,50,-26,-28,30,23,34,26,4820,3910,30,118,940,1,1050,160,2.4,0.4,3.3,0.6,0.33,0.42,0.64,-8,2.5
Thurso,0.624,0.292,0.417,0.48,0.537,0.624,25,-25,-28,29,23,33,26,4900,3980,26,140,1030,1.1,1180,190,2.8,0.4,4,0.6,0.36,0.45,0.66,-9,3.1
Trois-Rivieres,0.603,0.235,0.339,0.398,0.52,0.603,245,-26,-28,29,22,33,25,4800,3890,30,124,1030,1.1,1160,160,2.8,0.6,4.1,0.9,0.28,0.37,0.55,-9,3.4
Val-d'Or,0.371,0.0953,0.14,0.183,0.319,0.371,310,-33,-36,29,21,33,24,6180,5220,26,113,770,0.8,1030,110,3.4,0.3,4.7,0.4,0.26,0.34,0.47,-11,3.8
Varennes,0.662,0.333,0.473,0.539,0.569,0.662,15,-24,-26,30,23,34,26,4500,3680,30,125,970,1,1130,170,2.6,0.4,3.8,0.6,0.33,0.42,0.64,-8,3.8
Vercheres,0.65,0.313,0.445,0.51,0.558,0.65,15,-24,-26,30,23,34,26,4450,3630,30,125,970,1,1130,170,2.7,0.4,3.9,0.6,0.36,0.45,0.66,-8,3.8
Victoriaville,0.559,0.174,0.256,0.309,0.481,0.559,125,-26,-28,29,23,33,26,4900,3980,27,132,1010,1.1,1220,180,2.6,0.6,3.8,0.9,0.28,0.37,0.55,-9,3.5
Ville-Marie,0.433,0.159,0.226,0.27,0.372,0.433,200,-31,-34,30,22,34,25,5550,4610,30,125,750,0.8,910,130,2.3,0.4,3.1,0.6,0.33,0.42,0.64,-11,4.2
Wakefield,0.585,0.249,0.357,0.416,0.504,0.585,120,-27,-30,30,23,34,26,4820,3910,30,117,930,1,1140,160,2.4,0.4,3.5,0.6,0.28,0.36,0.52,-8,2.2
Waterloo,0.539,0.167,0.245,0.296,0.463,0.539,205,-25,-27,29,23,33,26,4650,3810,30,123,1160,1.2,1390,160,2.5,0.4,3.6,0.6,0.28,0.37,0.55,-8,3
Windsor,0.527,0.15,0.222,0.278,0.452,0.527,150,-25,-27,29,23,33,26,4700,3860,30,123,1100,1.1,1190,160,2.3,0.4,3.4,0.6,0.26,0.34,0.5,-8,3.5
Alma,0.383,0.101,0.147,0.19,0.33,0.383,5,-21,-23,26,20,29,23,4500,3600,23,183,1360,1.5,1600,270,2.6,0.6,3.9,0.9,0.41,0.53,0.76,-7,4.5
Bathurst,0.453,0.139,0.202,0.246,0.39,0.453,10,-23,-26,30,22,34,25,5020,4100,26,137,970,1,1180,200,4.1,0.6,5.9,0.9,0.41,0.53,0.76,-8,4
Boiestown,0.482,0.153,0.222,0.269,0.416,0.482,65,-25,-28,29,21,33,24,4900,?Çô,26,123,970,1,1210,200,3.6,0.6,5.1,0.9,0.33,0.43,0.62,-8,2.8
Campbellton,0.49,0.148,0.217,0.265,0.422,0.49,30,-26,-28,29,22,33,25,5500,4570,26,139,910,1,1180,200,4.3,0.4,6,0.6,0.39,0.5,0.7,-8,4.1
Edmundston,0.571,0.18,0.267,0.323,0.492,0.571,160,-27,-29,28,22,32,25,5320,4500,30,118,920,1,1130,180,3.4,0.6,4.8,0.9,0.33,0.42,0.59,-9,2
Fredericton,0.468,0.141,0.207,0.251,0.403,0.468,15,-24,-27,29,22,33,25,4670,3760,28,143,1070,1.1,1240,180,3.1,0.6,4.5,0.9,0.33,0.42,0.59,-7,3.5
Gagetown,0.446,0.132,0.193,0.235,0.384,0.446,20,-24,-26,29,22,32,25,4460,3560,26,143,1060,1.1,1260,190,2.8,0.6,4.1,0.9,0.34,0.44,0.64,-7,3.5
Grand Falls,0.543,0.173,0.253,0.305,0.466,0.543,115,-27,-30,28,22,32,25,5300,4450,30,139,1040,1.1,1250,180,3.6,0.6,5.1,0.8,0.33,0.42,0.59,-8,2.2
Miramichi,0.444,0.136,0.197,0.239,0.382,0.444,5,-24,-26,30,22,34,25,4950,4030,26,124,1030,1.2,1210,220,3.4,0.6,4.8,0.9,0.35,0.45,0.64,-7,3.2
Moncton,0.39,0.107,0.155,0.196,0.336,0.39,20,-23,-25,28,21,31,24,4680,3770,26,143,1020,1.2,1330,240,3,0.6,4.3,0.9,0.43,0.55,0.79,-7,5.2
Oromocto,0.46,0.139,0.203,0.247,0.397,0.46,20,-24,-26,29,22,33,25,4650,3740,28,143,1060,1.1,1250,170,3,0.6,4.4,0.9,0.33,0.43,0.62,-7,3.5
Sackville,0.366,0.0953,0.139,0.182,0.315,0.366,15,-22,-24,27,21,30,24,4590,3680,23,143,1160,1.2,1320,240,2.5,0.6,3.7,0.9,0.42,0.54,0.77,-7,4.5
Saint Andrews,0.753,0.489,0.687,0.753,0.7,0.714,35,-22,-24,25,20,28,23,4680,3770,24,156,1130,1.3,1310,230,2.8,0.6,4.1,0.9,0.39,0.5,0.7,-7,4.5
Saint John,0.431,0.128,0.185,0.226,0.371,0.431,5,-22,-24,25,20,28,23,4570,3670,23,176,1250,1.4,1560,270,2.3,0.6,3.4,0.9,0.45,0.58,0.83,-7,4.5
Shippagan,0.388,0.102,0.149,0.192,0.334,0.388,5,-22,-24,28,21,32,24,4930,4010,23,124,1000,1.1,1200,290,3.4,0.6,4.7,0.8,0.54,0.69,0.99,-7,4.8
St. George,0.611,0.331,0.465,0.527,0.526,0.611,35,-21,-23,25,20,28,23,4680,3770,23,156,1130,1.3,1310,230,2.8,0.6,4.2,0.9,0.39,0.5,0.7,-7,4.5
St. Stephen,0.673,0.432,0.603,0.673,0.625,0.67,20,-24,-26,28,22,31,25,4700,3790,25,156,1150,1.3,1280,190,2.9,0.6,4.2,0.9,0.36,0.46,0.65,-7,4
Woodstock,0.497,0.147,0.216,0.263,0.428,0.497,60,-26,-29,30,22,34,25,4910,3990,28,138,1050,1.1,1250,180,3.1,0.6,4.4,0.9,0.32,0.41,0.58,-8,2.4
Amherst,0.356,0.0893,0.13,0.174,0.306,0.356,25,-21,-24,27,21,31,24,4500,3600,23,150,1130,1.2,1290,240,2.4,0.6,3.5,0.9,0.41,0.53,0.76,-6,4.3
Antigonish,0.317,0.0763,0.103,0.152,0.273,0.317,10,-17,-20,27,21,31,24,4510,3610,19,156,1290,1.4,1380,250,2.3,0.6,3.5,0.9,0.46,0.59,0.84,-5,4.6
Bridgewater,0.337,0.0827,0.12,0.165,0.289,0.337,10,-15,-17,27,20,30,23,4140,3250,20,181,1450,1.7,1600,280,1.9,0.6,2.9,0.9,0.47,0.61,0.85,-5,4
Canso,0.345,0.0846,0.119,0.169,0.296,0.345,5,-13,-15,25,20,29,23,4400,3500,19,155,1470,1.6,1510,260,1.7,0.6,2.5,0.9,0.53,0.67,0.95,-4,7.5
Debert,0.33,0.0795,0.111,0.159,0.283,0.33,45,-21,-24,27,21,31,24,4500,3600,23,150,1180,1.3,1350,260,2.1,0.6,3.1,0.9,0.41,0.53,0.76,-6,3.8
Digby,0.394,0.11,0.159,0.2,0.339,0.394,35,-15,-17,25,20,28,23,4020,3130,19,163,1240,1.4,1380,270,2.2,0.6,3.2,0.9,0.47,0.61,0.85,-4,5
Greenwood (CFB),0.363,0.0913,0.133,0.178,0.312,0.363,28,-18,-20,29,22,32,25,4140,3250,20,149,1060,1.2,1210,290,2.7,0.6,4,0.9,0.46,0.59,0.84,-5,4.2
Dartmouth,0.324,0.079,0.111,0.158,0.278,0.324,10,-16,-18,26,20,29,23,4100,3210,23,181,1380,1.6,1510,290,1.6,0.6,2.4,0.9,0.5,0.64,0.91,-5,3.9
Halifax,0.324,0.0791,0.112,0.158,0.279,0.324,55,-16,-18,26,20,29,23,4000,3110,21,189,1490,1.7,1610,290,1.9,0.6,2.8,0.9,0.5,0.64,0.91,-5,3.9
Kentville,0.351,0.0858,0.125,0.171,0.301,0.351,25,-18,-20,28,21,31,24,4130,3240,22,149,1100,1.2,1340,270,2.6,0.6,3.9,0.9,0.46,0.59,0.84,-5,3.2
Liverpool,0.334,0.084,0.121,0.164,0.286,0.334,20,-16,-18,27,20,30,23,3990,3100,20,188,1450,1.6,1530,290,1.7,0.6,2.5,0.9,0.53,0.67,0.95,-5,4.1
Lockeport,0.334,0.0853,0.124,0.165,0.286,0.334,5,-14,-16,25,20,28,23,4000,3110,22,173,1360,1.5,1550,290,1.4,0.6,2.1,0.9,0.52,0.66,0.94,-4,5.5
Louisbourg,0.365,0.0898,0.129,0.179,0.314,0.365,5,-15,-17,26,20,30,23,4530,3630,19,149,1460,1.7,1620,300,2.1,0.7,3.2,1.1,0.56,0.72,1,-5,6
Lunenburg,0.333,0.0815,0.118,0.162,0.286,0.333,25,-15,-17,26,20,29,23,4140,3250,20,181,1440,1.7,1570,270,1.9,0.6,2.8,0.9,0.53,0.67,0.95,-5,4.1
New Glasgow,0.318,0.0763,0.103,0.152,0.274,0.318,30,-19,-21,27,21,31,24,4320,3420,19,171,1150,1.2,1340,280,2.2,0.6,3.2,0.9,0.47,0.61,0.85,-6,4.6
North Sydney,0.342,0.0826,0.115,0.165,0.294,0.342,20,-16,-19,27,21,31,24,4500,3600,19,156,1370,1.6,1600,300,2.4,0.6,3.6,0.9,0.51,0.65,0.92,-5,5.6
Pictou,0.318,0.0762,0.102,0.152,0.274,0.318,25,-19,-21,27,21,31,24,4310,3410,19,136,1120,1.2,1310,280,2.2,0.6,3.3,0.9,0.47,0.61,0.85,-6,4.6
Port Hawkesbury,0.329,0.0793,0.108,0.158,0.282,0.329,40,-17,-19,27,21,31,24,4500,3600,19,162,1500,1.6,1580,260,2.1,0.6,3.2,0.9,0.53,0.67,0.95,-5,4.9
Springhill,0.346,0.084,0.121,0.168,0.297,0.346,185,-20,-23,27,21,31,24,4540,3640,23,150,1270,1.3,1320,240,3.1,0.6,4.6,0.9,0.41,0.53,0.76,-6,4
Stewiacke,0.326,0.079,0.109,0.158,0.28,0.326,25,-20,-22,27,21,30,24,4400,3500,23,162,1200,1.3,1380,250,1.8,0.6,2.7,0.9,0.43,0.55,0.79,-6,4.5
Sydney,0.347,0.0843,0.118,0.168,0.298,0.347,5,-16,-19,27,21,31,24,4530,3630,19,156,1360,1.6,1600,300,2.3,0.6,3.5,0.9,0.51,0.65,0.92,-5,5.6
Tatamagouche,0.326,0.0782,0.107,0.156,0.28,0.326,25,-20,-23,27,21,31,24,4380,3480,23,150,1040,1.2,1290,280,2.2,0.6,3.3,0.9,0.47,0.61,0.85,-6,4.6
Truro,0.326,0.0786,0.109,0.157,0.28,0.326,25,-20,-22,27,21,30,24,4500,3600,23,150,1170,1.3,1310,260,2,0.6,2.9,0.9,0.41,0.53,0.76,-6,3.5
Wolfville,0.347,0.0847,0.123,0.169,0.298,0.347,35,-19,-21,28,21,31,24,4140,3250,22,149,1140,1.2,1310,280,2.6,0.6,3.9,0.9,0.46,0.59,0.84,-5,3.2
Yarmouth,0.363,0.0953,0.139,0.181,0.312,0.363,10,-14,-16,22,19,25,22,3990,3100,24,168,1230,1.4,1350,290,1.8,0.6,2.7,0.9,0.48,0.62,0.87,-4,5.2
Charlottetown,0.324,0.0774,0.106,0.155,0.278,0.324,5,-20,-22,26,21,30,24,4460,3650,20,136,1070,1.2,1290,380,2.7,0.6,4,0.9,0.48,0.62,0.87,-6,5
Souris,0.308,0.0733,0.0967,0.147,0.266,0.308,5,-19,-21,27,21,31,24,4550,3650,19,142,1120,1.2,1250,370,2.7,0.6,4.1,0.9,0.5,0.64,0.91,-6,5
Summerside,0.351,0.09,0.131,0.173,0.302,0.351,10,-20,-22,27,21,31,24,4600,3690,20,143,1000,1.1,1210,390,3.1,0.6,4.6,0.9,0.52,0.66,0.94,-6,5.5
Tignish,0.359,0.092,0.134,0.177,0.309,0.359,10,-20,-22,27,21,31,24,4770,3860,20,123,970,1.1,1250,390,3.2,0.6,4.7,0.9,0.56,0.73,1.04,-5,7.5
Argentia,0.342,0.082,0.111,0.164,0.294,0.342,15,-12,-14,21,18,25,22,4600,3620,19,136,1420,1.6,1490,410,2.4,0.7,3.5,1,0.65,0.83,1.11,-4,6.5
Bonavista,0.278,0.066,0.0853,0.132,0.239,0.278,15,-14,-16,24,19,28,22,5000,4000,23,122,1010,1.2,1110,430,3.1,0.6,4.7,0.9,0.73,0.92,1.24,-4,7.5
Buchans,0.261,0.0613,0.0773,0.123,0.224,0.261,255,-24,-27,27,20,31,24,5250,4240,17,138,1090,1.1,1290,210,4.7,0.6,6.8,0.9,0.52,0.66,0.89,-6,5
Cape Harrison,0.339,0.088,0.127,0.167,0.291,0.339,5,-29,-31,26,16,30,20,6900,5920,13,143,660,1,1080,400,6.3,0.4,9.3,0.6,0.52,0.66,0.89,-9,6
Cape Race,0.364,0.0887,0.124,0.177,0.313,0.364,5,-11,-13,19,18,23,22,4900,3900,23,164,1570,1.8,1620,400,2.3,0.7,3.4,1,0.9,1.16,1.56,-4,7.5
Channel-Port aux Basques,0.301,0.0715,0.0947,0.143,0.26,0.301,5,-13,-15,19,18,23,22,5000,4000,17,157,1340,1.5,1630,460,3.6,0.7,5.5,1.1,0.67,0.86,1.16,-4,8.3
Corner Brook,0.249,0.0587,0.0747,0.118,0.215,0.249,35,-16,-18,26,20,30,23,4760,3770,17,117,1080,1.3,1310,320,3.7,0.6,5.3,0.9,0.47,0.61,0.81,-6,5
Gander,0.265,0.0625,0.0793,0.125,0.228,0.265,125,-18,-20,27,20,31,24,5110,4110,23,117,1010,1.1,1350,310,3.7,0.6,5.4,0.9,0.52,0.66,0.89,-5,6.3
Grand Bank,0.378,0.0922,0.131,0.184,0.326,0.378,5,-14,-15,20,18,24,22,4550,3570,19,157,1540,1.8,1640,410,2.4,0.7,3.6,1,0.64,0.81,1.1,-4,6.5
Grand Falls,0.263,0.0618,0.078,0.124,0.226,0.263,60,-26,-29,27,20,31,24,5020,4020,19,111,1010,1.1,1190,260,3.4,0.6,4.9,0.9,0.52,0.66,0.89,-6,5.5
Happy Valley-Goose Bay,0.185,0.0437,0.0614,0.0874,0.159,0.185,15,-31,-32,27,19,31,23,6670,5700,24,107,750,0.9,1120,180,5.3,0.4,7.7,0.6,0.36,0.46,0.62,-11,4.7
Labrador City,0.186,0.0437,0.0589,0.0875,0.16,0.186,550,-36,-38,24,17,28,20,7710,6710,20,92,630,0.9,1020,160,4.8,0.3,6.8,0.4,0.34,0.44,0.61,-14,4
St. Anthony,0.211,0.0504,0.0707,0.101,0.181,0.211,10,-25,-27,22,18,26,22,6440,5380,17,112,1070,1.3,1440,500,6.1,0.6,8.9,0.9,0.75,0.96,1.3,-8,7.5
Stephenville,0.261,0.0615,0.0793,0.123,0.224,0.261,25,-16,-18,24,19,28,23,4850,3860,18,131,1200,1.3,1390,370,4.1,0.6,6.1,0.9,0.5,0.64,0.87,-5,6.1
St. John's,0.313,0.0746,0.0987,0.149,0.269,0.313,65,-15,-16,24,20,28,23,4800,3810,23,148,1330,1.6,1650,420,2.9,0.7,4.4,1.1,0.67,0.86,1.16,-4,7.5
Twin Falls,0.167,0.0392,0.0547,0.0784,0.143,0.167,425,-35,-37,24,17,28,21,7790,6880,20,93,640,1,1110,130,4.8,0.4,6.8,0.6,0.34,0.44,0.61,-14,4
Wabana,0.312,0.0744,0.098,0.149,0.269,0.312,75,-15,-17,24,20,27,23,4750,3760,23,141,1280,1.4,1590,430,3,0.7,4.6,1.1,0.65,0.83,1.11,-4,4.8
Wabush,0.188,0.0441,0.0594,0.0882,0.162,0.188,550,-36,-38,24,17,28,20,7710,6710,20,92,630,0.9,1020,160,4.8,0.3,6.8,0.4,0.34,0.44,0.61,-14,4
Aishihik,0.906,0.235,0.303,0.564,0.821,0.906,920,-44,-46,23,15,27,19,7500,6500,10,56,270,0.6,340,60,2,0.1,3,0.2,0.28,0.4,0.6,-14,2.2
Dawson,0.787,0.245,0.311,0.513,0.721,0.787,330,-50,-51,26,16,30,19,8120,7100,13,65,270,0.6,440,50,3,0.1,4.4,0.2,0.23,0.33,0.48,-17,2
Destruction Bay,2.69,1.47,1.89,2.69,2.69,2.08,815,-43,-45,23,14,27,18,7800,6790,10,64,290,0.6,380,140,2,0.1,3,0.2,0.44,0.63,0.96,-14,2.3
Faro,0.515,0.141,0.18,0.294,0.452,0.515,670,-46,-47,25,16,29,20,7300,6310,13,43,300,0.6,380,50,2.4,0.1,3.6,0.2,0.27,0.37,0.55,-14,2.3
Haines Junction,1.3,0.54,0.693,1.06,1.28,1.3,600,-45,-47,24,14,29,18,7100,6120,10,66,230,0.6,400,310,2.3,0.1,3.3,0.2,0.25,0.36,0.54,-11,2.5
Snag,1.1,0.329,0.427,0.766,1.03,1.1,595,-51,-53,23,16,27,19,8300,7280,10,77,390,0.6,440,50,2.3,0.1,3.4,0.2,0.23,0.33,0.48,-17,2.2
Teslin,0.567,0.148,0.19,0.322,0.498,0.567,690,-42,-44,24,15,28,19,6770,5800,13,49,300,0.5,400,50,3.2,0.1,4.6,0.2,0.27,0.36,0.49,-12,2.2
Watson Lake,0.529,0.147,0.189,0.3,0.463,0.529,685,-46,-48,26,16,30,20,7470,6470,13,69,360,0.6,510,70,3.4,0.1,4.9,0.2,0.27,0.37,0.55,-15,2
Whitehorse,0.701,0.171,0.219,0.404,0.619,0.701,655,-41,-43,25,15,30,19,6580,5610,10,56,260,0.5,340,60,2.1,0.1,3.2,0.2,0.3,0.4,0.56,-11,3.7
Aklavik,0.709,0.245,0.318,0.453,0.649,0.709,5,-42,-44,26,17,29,20,9600,8540,8,69,170,0.7,310,80,2.9,0.1,4.3,0.2,0.33,0.42,0.58,-17,2.9?Ç
Behchoko / Rae-Edzo,0.116,0.0302,0.0424,0.0551,0.099,0.116,160,-42,-44,25,17,28,20,8300,7280,13,81,230,0.6,330,90,2.4,0.1,3.5,0.2,0.33,0.42,0.58,-17,3.5
Echo Bay / Port Radium,0.132,0.0331,0.0461,0.0629,0.112,0.132,195,-42,-44,22,16,25,19,9300,8250,11,82,210,0.7,310,90,3.2,0.1,4.7,0.2,0.43,0.56,0.79,-17,4.4
Fort Good Hope,0.526,0.127,0.165,0.289,0.456,0.526,100,-43,-45,28,18,31,21,8700,7660,12,82,190,0.6,340,90,3,0.1,4.6,0.2,0.36,0.46,0.63,-17,2.8
Fort McPherson,0.753,0.219,0.284,0.459,0.677,0.753,25,-44,-46,26,17,29,20,9150,8100,8,70,200,0.7,390,80,3.4,0.1,5,0.2,0.33,0.42,0.61,-17,2.3
Fort Providence,0.139,0.0324,0.0457,0.0649,0.117,0.139,150,-40,-43,28,18,32,21,7620,6620,13,94,270,0.6,420,110,2.5,0.1,3.6,0.2,0.28,0.37,0.53,-16,3
Fort Resolution,0.11,0.03,0.0422,0.0545,0.0945,0.11,160,-40,-42,26,18,30,21,7750,6740,13,80,230,0.6,360,160,2.4,0.1,3.5,0.2,0.32,0.41,0.6,-16,3.3
Fort Simpson,0.326,0.0613,0.0825,0.157,0.271,0.326,120,-42,-44,28,19,31,22,7660,6660,16,100,290,0.6,430,80,2.4,0.1,3.3,0.1,0.32,0.41,0.6,-16,2.4
FortSmith,0.109,0.0297,0.0418,0.0539,0.0937,0.109,205,-41,-43,28,19,32,22,7300,6310,13,86,310,0.6,410,90,2.4,0.2,3.5,0.3,0.32,0.41,0.6,-15,2.7
Hay River,0.118,0.0312,0.044,0.0569,0.101,0.118,45,-38,-41,27,18,31,21,7550,6550,13,79,260,0.6,390,160,2.5,0.1,3.7,0.2,0.28,0.37,0.5,-16,3.3
Inuvik,0.553,0.153,0.199,0.312,0.485,0.553,45,-43,-45,26,17,30,20,9600,8540,9,69,160,0.7,530,80,3.3,0.1,4.9,0.2,0.33,0.42,0.58,-16,2.6
Mould Bay,0.487,0.137,0.199,0.251,0.42,0.487,5,-44,-46,11,8,15,12,12900,11730,5,52,40,0.9,140,210,1.6,0.1,2.3,0.2,0.47,0.61,0.87,-20,4.3
Norman Wells,0.889,0.347,0.448,0.624,0.835,0.889,65,-43,-45,28,18,31,21,8510,7480,12,81,220,0.6,390,80,3.2,0.1,4.9,0.2,0.36,0.46,0.63,-17,3.1
Tungsten,0.55,0.147,0.191,0.306,0.479,0.55,1340,-49,-51,26,16,30,20,7700,6700,13,57,430,0.8,750,50,4.5,0.1,6.7,0.2,0.36,0.46,0.66,-16,3
Ulukhaktok / Holman,0.136,0.0333,0.0471,0.0648,0.117,0.136,10,-39,-41,18,12,23,16,10700,9600,4,65,120,0.9,310,140,2.2,0.1,3.3,0.2,0.7,0.9,1.23,-18,4.9
Wrigley,0.841,0.333,0.431,0.578,0.786,0.841,80,-42,-44,28,18,31,21,8050,7040,13,71,290,0.6,420,80,2.9,0.1,4.3,0.2,0.32,0.41,0.6,-16,3
Yellowknife,0.108,0.0299,0.042,0.0543,0.0928,0.108,160,-41,-44,25,17,29,20,8170,7150,13,81,230,0.6,330,110,2.3,0.1,3.4,0.2,0.33,0.42,0.58,-17,3.8
Alert,0.276,0.0867,0.123,0.152,0.237,0.276,5,-43,-44,13,8,18,12,13030,11860,4,32,30,1,200,140,2.7,0.1,4,0.2,0.62,0.79,1.06,-22,4.3
Arctic Bay,0.352,0.0838,0.118,0.168,0.303,0.352,15,-42,-44,14,10,19,14,11900,10760,4,56,100,0.9,200,200,2.5,0.1,3.9,0.2,0.45,0.58,0.78,-20,4
Arviat,0.123,0.0311,0.0441,0.0578,0.106,0.123,5,-40,-41,22,16,27,20,9850,8780,12,94,290,0.9,350,260,3.2,0.2,4.9,0.3,0.47,0.61,0.83,-19,6.6
Baker Lake,0.184,0.0432,0.0624,0.0864,0.158,0.184,5,-42,-44,23,15,28,19,10700,9600,7,80,210,0.8,310,200,3.6,0.2,5.5,0.3,0.44,0.57,0.77,-20,6.5
Eureka,0.439,0.115,0.168,0.22,0.377,0.439,5,-47,-48,12,8,17,12,13500,12310,4,39,40,1,90,140,1.7,0.1,2.5,0.2,0.45,0.58,0.78,-21,4.3
Igluligaarjuk / Chesterfield Inlet,0.211,0.0523,0.076,0.0994,0.181,0.211,10,-40,-41,20,14,25,18,10500,9410,7,88,240,0.9,320,270,3.8,0.2,6,0.3,0.46,0.59,0.79,-19,6.7
Iqaluit,0.263,0.0616,0.0853,0.123,0.226,0.263,45,-40,-41,17,12,21,16,9980,8900,7,83,310,0.9,550,230,3,0.2,4.7,0.3,0.54,0.68,0.91,-16,4.8
Iqaluktuuttiaq / Cambridge Bay,0.15,0.0351,0.0502,0.0703,0.129,0.15,15,-41,-44,18,13,23,17,11670,10540,6,58,100,0.9,170,120,2,0.1,3,0.2,0.41,0.53,0.71,-21,5
Isachsen,0.695,0.218,0.325,0.393,0.598,0.695,10,-46,-48,12,9,17,13,13600,12410,5,42,40,1,100,180,2,0.1,3.1,0.2,0.49,0.63,0.85,-20,4.3
Kangiqiniq / Rankin Inlet,0.173,0.0407,0.0588,0.0811,0.149,0.173,10,-41,-42,21,15,26,19,10500,9410,7,95,240,0.9,300,270,3.2,0.2,4.9,0.3,0.49,0.63,0.85,-19,6.7
Kanngiqtugaapik / Clyde River,0.626,0.219,0.322,0.383,0.538,0.626,5,-40,-42,14,10,19,14,11300,10180,7,61,90,0.9,280,270,4.4,0.2,6.8,0.3,0.45,0.58,0.78,-17,5
Kugluktuk / Coppermine,0.119,0.0329,0.046,0.0594,0.103,0.119,10,-41,-43,23,16,27,19,10300,9210,9,94,190,0.8,180,90,3.6,0.1,5.4,0.2,0.38,0.48,0.65,-19,5.1
Nottingham Island,0.207,0.0634,0.09,0.113,0.178,0.207,30,-37,-39,16,13,21,17,10000,8920,8,81,260,0.9,410,230,4.9,0.2,7.5,0.3,0.64,0.82,1.1,-17,7
Resolute,0.39,0.119,0.172,0.209,0.336,0.39,25,-42,-43,11,9,16,13,12360,11210,5,42,80,0.9,180,220,2.1,0.1,3.2,0.2,0.48,0.62,0.84,-19,6.1
Resolution Island,0.445,0.138,0.201,0.244,0.383,0.445,5,-32,-34,12,10,16,14,9000,7960,7,99,350,0.9,650,220,5.8,0.2,9,0.3,1.01,1.29,1.74,-14,9.5
Salliq / Coral Harbour,0.237,0.0646,0.0933,0.117,0.204,0.237,15,-41,-42,20,14,25,18,10720,9620,7,97,210,0.9,350,230,4,0.2,6.2,0.3,0.47,0.61,0.83,-18,5.5
